team_id,team_name,venture,content,word_count,problems_section,technical_problems,market_problems,team_problems,financial_problems,conflict_evidence,problem_severity
AGO,Team AGORA,Agora - Student marketplace platform," **To:** 	Dr. Sheetal Singh    
**From:** Team AGORA (AGO)  \- Zavian, Balraj, Luke, Dylan, Alessandro, Kaleb  
**Subject:** Week 12 Management Report – Week Ending December 11, 2025   
**Copies:** Instructor Team

**Key indicators**

|  | 9/19 | 9/26 | 10/03 | 10/10 | 10/17 | Total |
| :---- | :---: | :---: | :---: | :---: | :---: | :---: |
| Precision Execution Score | 10/10 100% | 10/10 100% | 4/7 57.1 | 2/2 100% | 4/4 100% | 30/33 90.9% |

| *Tasks* |  |  |  |  |
| ----- | :---: | ----- | ----- | :---: |
| **BMGT461** | Owner | Est/Act/Assigned | Milestone | Submitted |
| Find Website Host | All | 9/25 | 10/3 | N/A |
| Review the customer discovery module | ZavianDylanLuke | 9/25 | 10/3 | N/A |
| Conduct an Interview with a small start-up (TerraThredz) | Luke | 9/25 | 10/3 | N/A |
| Experiment and learning  | Alessandro | 10/2 | 10/10 | N/A |
| Focus on getting users for site  | All | 10/17 | 10/25 | N/A |
| Theory of Value | Alessandro | 9/22 | 9/26 | 9/26 |
| Experimentation and Learning |   | 9/30 | 9/30 |  |
| Create an interview outline for TerraThredz before conducting the interview | Balraj | 9/30 | 9/30 | 9/30 |
| Marketing plan  | ZavianLuke | 10/3 | 10/10 | Pending \- \[10/24\] |
| Completion of Interviews for Customer Discovery | All | 10/6 | 10/9 | 10/10 |
| Make a MVP | All | 10/13 | 10/16 | 10/16 |
| Complete Week 7 MR | All | 10/03 | 10/16 | 10/17 |
| Adapt Product to meet needs | Kaleb | 10/16 |  | 10/24 |
| Go to marketplaces and talk to customers and vendors | All | 10/16 |  | 10/24 |
| Complete Product Development Report | All | 10/10 | 10/16 | 10/17 |
| Integrate product dev into MR | Luke | 10/17 |  | 10/24\] |
| Complete week 11 MR  | DylanBalraj | 11/6 | 11/7 | yes |
| Terp Marketplace | All | 11/6 |         11/7 | yes |
| Create Instagram account | Zavian | 11/6 |         11/7  | yes |
| Legal Issues Assignment | KalebAlessandro | 11/6 |        11/7  | yes |
| First Sale Assignment | Luke | 11/6 | 11/7 | yes |
| Valuation | Kaleb | 11/20 | 12/11 |  |
| Message TA about MR | All | 11/20 | 12/11 |  |
| Pitch | All | 11/20 | 11/25 |  |
| Disperse flyers at marketplaces | All | 12/5 | 12/7 | 12/7 |
| Start digital advertising | All | 12/5 | 12/9 | 12/7 |
| Analyze advertising information | All | 12/11 | 12/9 | 12/7 |

**Progress**

*Record anything you've done here. As appropriate, update the project table above.*

During this reporting period, we accomplished these tasks: 

| Who | What |
| ----- | :---- |
| Alessandro (10/31) | Collected and synthesized raw data from google forum survey  |
| Kaleb (10/31) | Created 60 second commercial |
| Balraj (10/31) | Formulated financial model for MVP and completed clerical assignments while collaborating  |
| All  (10/24) | Complete Week 8 MR |
|   (10/2All4) | Complete MVP assignment |
| LukeZavianDylan (10/23) | Marketing Lead finalizes logo, color palette, and tagline (“Shop UMD. Support Students.”) for all visuals and social media posts. |
| LukeDylan (10/22) | Integrated the existing information given by the interviews to start shaping our offerings |
| All (10/22) | Conducted usability testing with at least 10 students; record confusion points, feedback, and design improvement suggestions. |
|  |  |
| Kaleb (10/21) | Conducted Product Design Lead develops wireframes in Figma showing homepage, seller upload page, and product listing page for internal feedback. |
| Alessandro (10/20) | Launch a Google Form survey across student group chats and Instagram to gather quantitative data on shopping habits, trust factors, and feature preferences. |
| All (10/20) | Conducted 15–20 additional interviews with UMD students (10 buyers, 10 sellers) to identify pain points in buying from and selling to student-run businesses. |
| All (10/17) | Completed week 7 MR |
| All(10/17) | Completed the Product Development Report |
| All (10/16) | Created an MVP |
| All (10/10) | Completed 10 Interviews for Customer Discovery and submitted Interview Summaries |
| Balraj | Creating a financial model |
| All (10/10) | Completed Week 6 MR Report |
| ZavianLuke (10/10) | Completed marketing plan |
| Kaleb (10/8) | Worked on the website to be more complete and present to the class |
| Kaleb (10/5) | Vv  n    |
| Kaleb (10/3) | Created terms of service |
| Luke Zavian (10/1) | Reviewed customer discovery |
| Luke (10/1) | Went to a pop-up on campus and asked vendors and buyers questions |
| Kaleb Zavian Dylan (10/1) | Mapped website |
| All (9/26) | Completed team contract |
| All (9/26) | Figured out the direction we want to go with Agora |
| Balraj11/4 | Revenue Models  |
| Luke | Negotiation with vendors |
| All | Outreach to students  |
| Kaleb | Worked on Legal tab |
| Kaleb | Create Terms of service for businesses |
| Kaleb | Create Terms of service for Customers |
| Kaleb | Create Partnership agreement |
| Kaleb | Create LLC – need to have capital for this |
| All | Work on our pitch |
| Kaleb | Created TOS for customers and Businesses |
| All |  Finished the pitch |
| Kaleb | Decided on a 150,000 valuation |
| All | Decided that we should be looking for a $15,000 investment 10% |
| All | Looked for alternative website hosts |
| All | Worked On Week 14 MR Report |
| All12/5 | Conducted 30+ interviews with buyers and student vendors to identify key pain points |
| All12/5 | Launched Google Form survey to gather quantitative data on shopping habits. |
| All12/5 | Executed usability testing with 10 students to refine design and flow. |
| All12/8 | Developed and finalized the MVP (Minimum Viable Product). |
| All12/4 | Created wireframes (Homepage, Upload, Product Listing) for internal feedback.  |
| All12/9 | Drafted comprehensive Terms of Service (Customer & Business) and Partnership Agreements. |
| All12/10 | Finalized Team Contract and Project Pitch presentation. |

During the next week, we plan to finish these tasks:

| Who | What |
| ----- | :---- |
| All  | Create and link official Agora Instagram and TikTok accounts; start posting teaser content and spotlighting student businesses. |
| All  | Initialize social channels (IG/TikTok) |
| All 12/8 | Deploy teaser content strategy |
| All 12/8 | Launch ""Vendor Spotlight"" series |
| All12/9 | Submit ""First Sale"" deliverable |
| All12/9  | Finalize legal compliance review |
| All12/11 | Complete investment pitch deck |
| All12/11 | Recalibrate business valuation |

	 

**Problems**

We are aware of these problems:

| Owner (Due Date) | What |
| ----- | :---- |
| All | Our initial financial modeling relied on optimistic growth assumptions, resulting in an inflated valuation that required significant recalibration to align with realistic market comparables. |
| All | The pilot phase highlighted that the current bootstrap model is insufficient; lack of immediate liquidity posed a challenge for aggressive marketing and scaling operations. |
| All | We encountered high friction during the initial outreach phase, as the lack of established market history made it difficult to negotiate favorable payment terms with vendor partners. |
| All | Ensuring the product's viability required pushing the website builder’s CMS to its absolute technical limits, which created unforeseen design and functionality constraints. |
| All | Delays in fully integrating the Stripe API created a temporary bottleneck for seamless transaction processing and revenue capture. |
| AllAll | Overcoming the ""cold start"" problem was difficult, specifically regarding the lack of a centralized infrastructure to communicate with and mobilize the brand ambassador network. |
| All | N/A |
| All | N/A |

**Priorities**

We are working on these priorities:

1. Continue customer discover, expand focus to sellers as well  
2. Create a financial business plan, figuring out revenue model  
3. Change logo and better our branding  


## Attachments

[**INTERVIEW Q’S**](https://docs.google.com/document/d/1-WRxkrk7u6Cw6d2Wa6BB266PzQ-Ilj-7jjJojB1Brxw/edit?usp=sharing)

[**NOTES**](https://docs.google.com/document/d/1yBBKoNJMZe0GdEP_d6TxdEGd-Dl6UVV7JEjRLCLkUQ8/edit?usp=sharing)

 **[TEAM CONTRACT](https://docs.google.com/document/d/1XSt8-kGiMDpUR67xrhzCb7M-xrWSmZPYBfSFvIvtiak/edit?usp=sharing) \- Handled by Balraj** 

[**AGORA Financial Statements**](https://umd0-my.sharepoint.com/:x:/g/personal/kdillow_umd_edu/EVTzXjCt8W9CqHPiMy3lG2ABiCsC_mqWRKEEjxzqKGVT5g?e=47zBvo)

[**https://termly.io/products/tl/terms-of-service/?utm\_campaign\_id=863370649\&utm\_adgroup=\&utm\_adgroup\_id=118961433494\&utm\_source=google\&utm\_medium=cpc\&utm\_campaign=terms\_and\_conditions\_us\&utm\_term=terms%20of%20service%20generator%20free\&utm\_content=575886964693\&hsa\_acc=8931548921\&hsa\_cam=863370649\&hsa\_grp=118961433494\&hsa\_ad=575886964693\&hsa\_src=g\&hsa\_tgt=kwd-45051882079\&hsa\_kw=terms%20of%20service%20generator%20free\&hsa\_mt=e\&hsa\_net=adwords\&hsa\_ver=3\&gad\_source=1\&gad\_campaignid=863370649\&gbraid=0AAAAADKOGQuh9Jct30n5u9KvYFRJyCXkI\&gclid=Cj0KCQjw0NPGBhCDARIsAGAzpp2-FH9\_zua7k9sz7WQDbiZgX43vZBAwkQUSuYazkvDcnAIgqDegbvQaAjB0EALw\_wcB**](https://termly.io/products/tl/terms-of-service/?utm_campaign_id=863370649&utm_adgroup=&utm_adgroup_id=118961433494&utm_source=google&utm_medium=cpc&utm_campaign=terms_and_conditions_us&utm_term=terms%20of%20service%20generator%20free&utm_content=575886964693&hsa_acc=8931548921&hsa_cam=863370649&hsa_grp=118961433494&hsa_ad=575886964693&hsa_src=g&hsa_tgt=kwd-45051882079&hsa_kw=terms%20of%20service%20generator%20free&hsa_mt=e&hsa_net=adwords&hsa_ver=3&gad_source=1&gad_campaignid=863370649&gbraid=0AAAAADKOGQuh9Jct30n5u9KvYFRJyCXkI&gclid=Cj0KCQjw0NPGBhCDARIsAGAzpp2-FH9_zua7k9sz7WQDbiZgX43vZBAwkQUSuYazkvDcnAIgqDegbvQaAjB0EALw_wcB)

**[Copy of Customer Discovery Insight Summary Template](https://docs.google.com/document/d/17Ap9n2uROK2MwPNprxZ4sx-DrIFNlv8h5ijYyUeE2tM/edit?usp=drivesdk)**

**[Copy of Copy of Customer Discovery Insight Summary Template](https://docs.google.com/document/d/1sDcC0_Cmw3CJ7RW3_mya2sZ84Q6xB__6wux7SQoI4YE/edit?usp=drivesdk)**

[**https://docs.google.com/document/d/1-ZpfHAWhvp\_Yk\_qWcQ5SeT6Hf\_BkBuVeeNrRYqypsj4/edit?tab=t.0\#heading=h.dd0tz89tyfbp**](https://docs.google.com/document/d/1-ZpfHAWhvp_Yk_qWcQ5SeT6Hf_BkBuVeeNrRYqypsj4/edit?tab=t.0#heading=h.dd0tz89tyfbp) **\- Luke Interview 1**

[**https://docs.google.com/document/d/1D1wtfMlajtjfLB2bHC3lEQm4KfHrp58r5eeqPv9uS28/edit?tab=t.0\#heading=h.dd0tz89tyfbp**](https://docs.google.com/document/d/1D1wtfMlajtjfLB2bHC3lEQm4KfHrp58r5eeqPv9uS28/edit?tab=t.0#heading=h.dd0tz89tyfbp) **\-  Luke Interview 2**

[**https://docs.google.com/document/d/1zSzMvVLnjscTgg3mapfdkuj5TP03-D-jyTIHlXMexak/edit?usp=sharing**](https://docs.google.com/document/d/1zSzMvVLnjscTgg3mapfdkuj5TP03-D-jyTIHlXMexak/edit?usp=sharing)

**SORA PROMPT** 

**Duration: 30 seconds. Aspect ratio 16:9.**  
**Begin with a wide aerial sweeping drone shot of an ancient open-air Greek marketplace at golden hour lighting: stone paved lanes, wooden stalls under white linen awnings, gentle sunlight casting long warm shadows, bright terracotta and cream tones. The scene is lively: buyers browsing, artisans showcasing handcrafted goods. Camera slowly dolly-in and pan across the stalls.**  
**Cut to a medium close-up of a vendor (modern and friendly) behind a stall laden with handcrafted jewelry, vintage furniture pieces, artisan food jars. The vendor smiles and taps on a sleek tablet labelled “Agora-Market.com”. The buyer across taps “Connect” on the tablet. Subtle digital overlay appears: category filters on screen.**  
**Transition via a digital wipe/whip-pan into a modern browser/mobile UI of Agora-Market.com: a clean minimal interface, categories “Handmade”, “Vintage”, “Locally Sourced Food”, colourful icons, a chat icon. Show a buyer scrolling, filtering, clicking “Message Seller” then “Purchase/Exchange”. Use a subtle whoosh sound effect when clicking.**  
**Cut back to the physical stall: the vendor packages the item, hands it to a courier with a branded tote that says “Join the Agora”. At the same time, another buyer in a cozy home opens a package, delighted, shows the item to camera, smiles. The camera pulls back to a wide golden hour shot of the marketplace buzzing again, flags/waving banners read “Global – Local – Unique”.**  
**On-screen text overlay appears: “Discover • Connect • Exchange”. Then fade in: brand logo “Agora Marketplace” and web address “Agora-Market.com”. Final voice-over: “Join the Agora. Trade your way.” End with a clean fade out, soft uplifting music resolves.**  
**Visual style: warm Mediterranean sunlight, slightly stylised but photorealistic, shallow depth of field for close-ups, smooth cinematic camera moves (dolly, pan, cut, whip-pan). Sound: ambient market chatter, soft breeze, click taps, light upbeat acoustic guitar transitioning into modern subtle beat.**  
**Mood: inviting, vibrant, authentic, modern meets ancient tradition. Highlight peer-to-peer trading, unique handmade and vintage goods, global yet local community feel.**  
**Call to action: end frame must emphasize website and brand tagline.**

- **Kid overstum in market**  
- **Doesnt have have tine**  
- **Local**  
- **Start with someone going inline and beig disappointed bc of lack of locality, timing, the finds agora, and show marketplace**  
- **Can still show greek setting** 

",1856,"**Problems**

We are aware of these problems:

| Owner (Due Date) | What |
| ----- | :---- |
| All | Our initial financial modeling relied on optimistic growth assumptions, resulting in an inflated valuation that required significant recalibration to align with realistic market comparables. |
| All | The pilot phase highlighted that the current bootstrap model is insufficient; lack of immediate liquidity posed a challenge for aggressive marketing and scaling operations. |
| All | We encountered high friction during the initial outreach phase, as the lack of established market history made it difficult to negotiate favorable payment terms with vendor partners. |
| All | Ensuring the product's viability required pushing the website builder’s CMS to its absolute technical limits, which created unforeseen design and functionality constraints. |
| All | Delays in fully integrating the Stripe API created a temporary bottleneck for seamless transaction processing and revenue capture. |
| AllAll | Overcoming the ""cold start"" problem was difficult, specifically regarding the lack of a centralized infrastructure to communicate with and mobilize the brand ambassador network. |
| All | N/A |
| All | N/A |

",60.0,78.0,25.0,52.0,5.0,74.0
BGAI,Baked Gainz,Protein-infused baked goods," **To:		Sheetal Singh**   
 **From:	             Baked Gainz (new idea)**  
 **Subject:		461 Project Management Report \- Week ending 11/21/25**  
 **Copies:		Instructor Team**

 **Key indicators**

|                           | 11/07/2025 | 11/07\`/2025 |      |      |      | Total |
| :------------------------ | ---------- | :----------: | :--: | :--: | :--: | :---: |
| Precision Execution Score | ½  50%     |   2/2 100%   |      |      |      |  75%  |

| *Tasks*                                                      |           |                            |                                                            |                                                              |
| ------------------------------------------------------------ | --------- | -------------------------- | ---------------------------------------------------------- | ------------------------------------------------------------ |
| **\[Course or Activity\]:Task**                              | Owner     | Est/Act/Assigned           | Milestone                                                  | Submitted                                                    |
| Creating Theory of Values Map                                | Fatima    | 9/18                       | Started on 9/25                                            | 9/25                                                         |
| Create online mock-ups of sticker skeletons                  | Fatima    | 9/25                       | Completed                                                  | 10/8                                                         |
| Send out survey to 5 people for customer feedback            | Fatima    | 10/3                       | Completed                                                  | 10/1                                                         |
| Work through module 6 to advance the project further         | Fatima    | 10/3                       | Completed                                                  | 10/2                                                         |
| Identifying Specific Profit Points for QR Code idea (Direct Sales, Bulk Orders, Sponsor Packages) and developing the logistics of each | Kiana     | Assigned on 09/23          | Rough Draft: Completed on the Theories of Value assignment | 10/07                                                        |
| Creating flyers to post in Stamp Student Union and high-traffic areas on campus to determine preliminary product audience (will also make posts/Stories on social media for maximum visibility).  Flyers will contain a QR code linked to a Google Form survey for individuals to fill out if they are interested in purchasing our product. | Kiana     | Assigned on 09/25 in-class | In Progress                                                |                                                              |
| Interviewing/Surveying my peers outside of class to gather more data on target audience and product. | Kiana     | 9/25                       | Completed as of 10/09                                      | 10/09                                                        |
| Write survey questions to identify the demand for snaplink (Questions will be mostly open-ended, following the Mom Test format) | Vincent   | 9/25                       | Completed                                                  | 10/01                                                        |
| Identify key stakeholders and build a connection list of clubs, orgs, and sports teams | Vincent   | 9/25                       | Not started                                                | 10/01                                                        |
| Analyze and compile survey responses                         | Vincent   | 9/25                       | Started                                                    | t                                                            |
| Look for competitors who are already in the market           | Vincent   | 9/25                       | Started not finished as of 9/25                            |                                                              |
| Research Possible Pricing                                    | Bryce     | 9/25                       | Completed                                                  | Completed                                                    |
| Track Timelines / Updates                                    | Bryce     | 9/30                       | Completed                                                  | Completed                                                    |
| Test / Survey with one event or club and take feedback       | Bryce     | 10/5                       | Completed                                                  | Completed                                                    |
| Analyzing Google Form feedback/data                          | Kiana     | 10/7                       | In Progress                                                | Est. Completion: 10/9                                        |
| Create trends from the Google Form feedback                  | Fatima    | 10/7                       | Not started                                                | Est. Completion 10/15                                        |
| Analyze interviews, summarize feedback and suggestions → look at feasibility | Fatima    | 10/10                      | In progress                                                | Est. Completion 10/14                                        |
| Refine Marketing Strategy                                    | Bryce     | 10/17                      | In Progress                                                | Est. Completion 10/21                                        |
| Update Mockups in Canva to Present                           | Kiana     | 10/17                      | Completed                                                  | Completed by Wednesday 10/15                                 |
|                                                              | Kiana     |                            |                                                            |                                                              |
| Clearly define business model and goals                      | Fatima    | 10/17                      | In Progress                                                | Est. Completion 10/22                                        |
| Create a Shopify Website with our Products for Purchase      | All       | Assigned 10/16             | In Progress                                                |                                                              |
| Create an Instagram account for Marketing                    | All       | Assigned                   | In Progress                                                |                                                              |
| Testing / In Person Feedback for MVP                         | Bryce     | 10/23                      | Completed                                                  | Completed                                                    |
| Creating a high fidelity website for clubs                   | Fatima    | 10/23                      | In Progress                                                | Est. Completion 11/2                                         |
|                                                              |           |                            |                                                            |                                                              |
| Spoke with Dr. Singh about changing out entrepreneurial idea into Baked Gainz, a Protein-Infused Baked Goods company | All       | 10/30                      | Completed                                                  | Completed                                                    |
| Updating our Instagram Page to reflect the new idea/product  | All       | 11/2                       | Completed                                                  | Completed                                                    |
| Updating our Website to reflect the new idea/company         | All       | 11/3                       | In Progress                                                |                                                              |
| Creating First Sale Instagram Post to document our first cookie sale | Kiana     | 11/4                       | Completed                                                  |                                                              |
| Bake next batch of cookies and take them to Smith School to gather more sales | Kiana     | 11/11 and/or 11/13         | Completed                                                  | Received very positive feedback/reviews with these cookies\! Sold 4 cookies on Thursday 11/13 |
| Interview multiple people for cookie preference regarding flavor, etc… | Bryce     | 11/10                      | Completed                                                  | Completed                                                    |
| Work on expanding our product offering                       | Kiana/All | 11/14                      | In Progress                                                | Current offering: Pumpkin Snickerdoodle Cookies w/ Cream Cheese frosting |
| Brainstorm the possible introduction of holiday-themed baked goods (ie: cinnamon spice cookies, gingerbread cookies, etc) | Kiana     | By 12/1                    | In Progress                                                |                                                              |
| Delegate baking tasks to other members of the group (Kiana \= Cookies, XXX \= Cupcakes, etc) | All       | ASAP                       | In Progress                                                |                                                              |
| Continue to gather feedback from customers (and potential customers) on product offerings and flavors that they would like to try | All       | By End of Break            | In Progress                                                |                                                              |
| Solidify task delegation: who bakes what, etc                | All       | By 12/5 EOD                | In Progress                                                |                                                              |

**Progress**

*(Record anything you've done here. As appropriate, update project table above).*

During this reporting period, we accomplished these tasks: 

| Who     | What                                                         |
| :------ | :----------------------------------------------------------- |
| Fatima  | Creating Theory of Values map                                |
| All     | Completed 10 surveys each                                    |
| All     | Completed Legal Presentation                                 |
| Kiana   | Baked and Sold next batch of pumpkin snickerdoodle cookies   |
| Kiana   | Gathered positive feedback from first few in-person customers in-class on 11/13 |
| Vincent | Sold first batch of protein brownies; gathered lots of positive reviews and positive feedback. |
| Kiana   | Continuing to bake cookies and testing out new recipes       |
| Bryce   | Utilize Shark Tank Pitch as Practice, Talk to real investors for funding. |

**Plans**

During the next week, we plan to finish these tasks:

| Who (Date)             | What                                                         |
| :--------------------- | :----------------------------------------------------------- |
| Vincent 9/28           | Create a survey on google forms to determine exact audience & who exactly on UMD’s campus would need this product. Surveys will be distributed through class group chats (GroupMe) and shared with friends. |
| Vincent 10/05          | Collect a random sample to eliminate bias at dining halls or campus events |
| Bryce 10/5             | Map out early testing, test with one small event or club to see if people use it. |
| Vincent 10/02          | Gather materials for production                              |
| Fatima (10/3)          | Conduct research on the feasibility of customizing QR codes at a low cost |
| Fatima (10/3)          | Create online mockups of sticker skeletons (2-3 designs)     |
| Bryce 9/29             | Set a short timeline for completing these tasks before next week’s MR. |
| Kiana (10/7)           | **Create samples of our product (starting with photo mockups, then printing on actual sticker sheets)** |
| Bryce 9/30             | Estimate the cost to make stickers and possible pricing.     |
| Bryce 9/30             | Keep track of timelines and update the Plans and Progress sections for the group. |
| Vincent 10/03          | **Need to figure out different issue since the professor said we need to revamp our idea** |
| Kiana 10/09            | Completing interviews with friends \+ club organizers; utilizing Mom Test structure for questions. |
| Kiana 10/09            | Analyzing feedback \+ data received through interviews conducted on Thursday- est. completion by 11:59p 10/09. |
| Fatima 10/9            | Analyzing interview suggestions, feedback and other insights to incorporate into project |
| Fatima 10/10           | Create mock designs so clubs can visualize the QR code sticker |
| Bryce 10/17            | Refine Marketing Strategy                                    |
| All                    | Create and perfect our Instagram account for marketing       |
| Vincent 10/23          | Created a website where you can purchase from us directly    |
| All                    | Reach out to clubs via Instagram to encourage purchases      |
| Bryce 10/23            | Testing / Feedback from Greek & Clubs for MVP                |
| Fatima 10/23           | Continue designing mock qr codes for website                 |
| Fatima 10/23           | Continue designing website                                   |
|                        |                                                              |
| All                    | Ensuring that we finalize our product offerings (macro-forward baked goods, including cookies, brownies, cupcakes) |
| All                    | Updating our website \+ social media (instagram) to ensure the new pages reflect our updated entrepreneurial idea |
| All                    | Continuing to communicate with Dr. Singh every step of the way of our new idea (Baked Gainz) |
| All                    | Continue to update Instagram account to reflect sales \+ new product offerings |
| Kiana                  | Continue baking cookies and bringing them to Van Munching to garner additional sales |
| Fatima                 | Create 2 tiktoks advertising the cookies                     |
| Bryce                  | Surveying For Cookie Preference / Ideas for Holidays         |
| Kiana                  | Work on baking nut-free cookies for students with allergies  |
| Kiana                  | Bake next batch of cookies to bring to classes and generate sales |
| Kiana (week 12\)       | Planning to phase in and perfect my gingerbread cookies recipe prior to selling them. Will work on this during thanksgiving break |
| Kiana (week 13\)       | Will begin selling some gingerbread cookies as a holiday-themed product offering. I am planning on charging $5 per cookie. |
| Kiana (week 13 \+ 14\) | Meet goal of selling at least 2 gingerbread cookies by Friday 12/5 EOD. These can be in-class sales or out of class sales. |

​	 

**Problems**

We are aware of these problems:

- Possibly not being able to get a randomized sample of google forms back, possibly only having like-minded individuals complete the forms  
    - In order to utilize all social networks, we will encourage team members to share the Form with their friends, and have their friends do the same. Maximizing social networks is key to visibility and early sales.   
- The idea may lack some dynamic elements that make it different from other QR companies, currently trying to figure out a solution to make it more creative   
- To attach a domain in a free website maker, I have to pay a yearly subscription. To go live in the original website maker, its another yearly subscription, we will end up doing some type of fundraising to cover these costs. 

| Owner (Due Date)       | What                                                         |
| :--------------------- | :----------------------------------------------------------- |
| Vincent 9/25           | Finding funding for this project                             |
| 10/9                   | Finding clubs/socials that are willing to purchase, collab, and/or test. |
| 10/7                   | Individual users (students, party-goers, casual attendees) may not know or care about SnapLink unless it’s marketed effectively. |
|                        | Many events are one-time use, so users may abandon the app after a single event. |
| Kiana (10/3-10/5)      | Time constraint: travelling out of state for work Oct 3-5 and will be unable to connect with group or conduct interviews during this time. |
| Fatima 10/9            | Timeliness: Some ideas that were provided in the interviews that would increase the value of the QR code sticker, however it would take more time than just this semester to develop those processes |
| Bryce 10/17            | Aligning product development with marketing and brand awareness for SnapLink. |
| Vincent 10/17          | Revise survey questions to improve clarity and capture more measurable feedback about user interest and pricing expectations. |
| Everyone 10/30         | Finalizing website \+ ensuring that final website is listed on a public domain and available for customers.  Linking the website and products to allow for purchases to be made online |
| Everyone 10/30         | Creating a social media presence (posts, videos, etc) and linking posts to our website for ease in purchasing |
| All                    | Possibly running out of materials/funding to purchase additional materials and ingredients |
| All                    | Overbaking or undercharging, etc                             |
| Kiana (week 11\)       | So far, we are only offering cookies. We need to work on deciding whether or not we are going to keep only selling cookies or also expanding into other baked goods, like cupcakes, etc. |
| All (week 12\)         | We have begun to expand our product offering beyond cookies, as Vincent has sold some protein brownies that were really flavorful\! |
| Kiana (week 13 \+ 14\) | Staying up-to-date with ingredients and ensuring that I am not running out of any baking material. |
| Bryce (week 13 \+ 14\) | With the ending of the semester coming to a close, preparing for exams and projects takes away the majority of time compared to using that time towards BakedGainz. |
| Kiana (Week 14\)       | On a time crunch with all of my classes’ final exams/projects/papers, so not having as much time to bake and sell. |

**Priorities**

We are working on these priorities:

* **Ensuring that we know what our profit points are going to be, and how to best exhaust them** (With subscription-based service, we need to understand our audience. Would they be individual clubs on campus? Fraternities/Sororities? Our first step here would be to identify that)  
* **Agreeing on a date to advertise our survey to determine who EXACTLY needs our product, and who would ACTUALLY be interested.** (ie: meeting at Stamp on Friday to hand out flyers and encourage students to complete the survey, etc)   
* Plan and beta test an event to see how many people would actually upload photos to the qr code link   
* Coming to a consensus on mockup designs and sizes to present to the target audience (even if they are photos of mockups).   
* Beginning to spread the word of our product across campus to boost visibility and help garner early sales.   
* Coming up with ideas like bake sale but something that can drive a little more profit to cover the overhead costs.   
* Considering seasonal treats as we head into the holidays   
* Baking goods without nuts to cater to audiences with nut-based allergies  
* Baking more cookie flavors to add to our product offerings   
* Introducing gingerbread cookies to our product offering for the holidays  
* Managing our time effectively to ensure minimal burnout, if any (week 14\)",2438,"**Problems**

We are aware of these problems:

- Possibly not being able to get a randomized sample of google forms back, possibly only having like-minded individuals complete the forms  
    - In order to utilize all social networks, we will encourage team members to share the Form with their friends, and have their friends do the same. Maximizing social networks is key to visibility and early sales.   
- The idea may lack some dynamic elements that make it different from other QR companies, currently trying to figure out a solution to make it more creative   
- To attach a domain in a free website maker, I have to pay a yearly subscription. To go live in the original website maker, its another yearly subscription, we will end up doing some type of fundraising to cover these costs. 

| Owner (Due Date)       | What                                                         |
| :--------------------- | :----------------------------------------------------------- |
| Vincent 9/25           | Finding funding for this project                             |
| 10/9                   | Finding clubs/socials that are willing to purchase, collab, and/or test. |
| 10/7                   | Individual users (students, party-goers, casual attendees) may not know or care about SnapLink unless it’s marketed effectively. |
|                        | Many events are one-time use, so users may abandon the app after a single event. |
| Kiana (10/3-10/5)      | Time constraint: travelling out of state for work Oct 3-5 and will be unable to connect with group or conduct interviews during this time. |
| Fatima 10/9            | Timeliness: Some ideas that were provided in the interviews that would increase the value of the QR code sticker, however it would take more time than just this semester to develop those processes |
| Bryce 10/17            | Aligning product development with marketing and brand awareness for SnapLink. |
| Vincent 10/17          | Revise survey questions to improve clarity and capture more measurable feedback about user interest and pricing expectations. |
| Everyone 10/30         | Finalizing website \+ ensuring that final website is listed on a public domain and available for customers.  Linking the website and products to allow for purchases to be made online |
| Everyone 10/30         | Creating a social media presence (posts, videos, etc) and linking posts to our website for ease in purchasing |
| All                    | Possibly running out of materials/funding to purchase additional materials and ingredients |
| All                    | Overbaking or undercharging, etc                             |
| Kiana (week 11\)       | So far, we are only offering cookies. We need to work on deciding whether or not we are going to keep only selling cookies or also expanding into other baked goods, like cupcakes, etc. |
| All (week 12\)         | We have begun to expand our product offering beyond cookies, as Vincent has sold some protein brownies that were really flavorful\! |
| Kiana (week 13 \+ 14\) | Staying up-to-date with ingredients and ensuring that I am not running out of any baking material. |
| Bryce (week 13 \+ 14\) | With the ending of the semester coming to a close, preparing for exams and projects takes away the majority of time compared to using that time towards BakedGainz. |
| Kiana (Week 14\)       | On a time crunch with all of my classes’ final exams/projects/papers, so not having as much time to bake and sell. |

",20.0,30.0,45.0,40.0,10.0,55.0
TDT,The Dream Team,Seatr - Stadium seat ordering,"**To: 		Dr. Sheetal Singh**  
**From: 		The Dream Team \- (Ayden Levy, Jack Tiger, Lester Paz Solis, Lucas Green, Nelson Nsereko)**  
**Subject: 	Team Management Report \- Week of Dec 12, 2025**  
**Copies: 		Instructor**   
**Key indicators**

|                           | 9/19/25  | 9/26/25  |  10/3/25   | 10/10/25 | 10/17/25 | 10/24/25 | 10/31/25 | 11/07/25 | 11/14/25 | 11/28/25 | 12/05/25 |   Total   |
| :------------------------ | :------: | -------- | :--------: | :------: | :------: | :------: | :------: | :------: | :------: | :------: | :------: | :-------: |
| Precision Execution Score | 2/2 100% | 5/5 100% | 12/12 100% | 8/8 100% | 7/12 58% | 5/5 100% | 4/4 100% | 6/6 100% | 5/6 83%  | 4/4 100% | 5/5 100% | 63/69 91% |

| *Tasks*                                                      |             |                  |           |             |
| ------------------------------------------------------------ | ----------- | :--------------: | :-------: | ----------- |
|                                                              | Owner       | Est/Act/Assigned | Milestone | Submitted   |
| BMGT 461: Finding Valuable Problems                          | All members |      09/14       |   10/10   | Yes(09/14)  |
| BMGT461: Individual Idea Pitch                               | All members |      09/15       |   10/10   | Yes((09/15) |
| BMGT461: Team Formation                                      | All members |      09/20       |   10/10   | Yes(09/20)  |
| BMGT461: Theories of Value                                   | All members |      09/26       |   10/10   | Yes(09/26)  |
| BMGT461: Week 4 Reflections                                  | All members |      09/26       |   10/10   | Yes(09/27)  |
| BMGT461: Week 4 survey                                       | All members |      09/26       |   10/10   | Yes(09/26)  |
| 1 PAGER                                                      | AL          |       9/26       |   10/10   | Yes(09/25)  |
| BMGT461: Experimentation and learning notes                  | Jack        |      10/10       |   10/10   | Yes(10/03)  |
| BMGT461: Experimentation plan                                | Jack        |      09/26       |   10/10   | Yes(10/03)  |
| BMGT461: Week 5 reflections                                  | All members |      09/29       |   10/10   | Yes(10/03)  |
| BMGT461: Week 5 MR Report                                    | Nelson      |      09/29       |   10/10   | Yes(10/04)  |
| BMGT461: Customer discovery & validation reflection          | Nelson      |       10/4       |   10/10   | Yes(10/07)  |
| Mom test Quiz                                                | All         |       10/4       |   10/10   | Yes(10/07)  |
| Week 6 reflections                                           | Individual  |      10/04       |   10/10   | Yes(10/10)  |
| BMGT461: Customer discovery memo                             | Nelson      |      10/04       |   10/10   | Yes(10/10)  |
| BMGT461: Customer discovery interview summaries              | Nelson      |      10/04       |   10/10   | Yes(10/10)  |
| BMGT461: Customer interviews                                 | All         |      10/04       |   10/10   | Yes(10/09)  |
| Develop a survey questionnaire                               | Jack        |      10/04       |   10/10   | Yes (10/10) |
| Research industry trends, statistics in depth                | Ayden       |       10/4       |   10/10   | Yes(10/24)  |
| Compare trends from questionnaire                            | Everyone    |       10/9       |   10/10   | Yes (10/15) |
| Start developing new questions to continue learning and developing the problem | Ayden       |      10/10       |   10/10   | Yes (10/20) |
| Interview 5 potential customers                              | Nelson      |      10/08       |   10/10   | Yes(10/12)  |
| Design interview questions for our potential customers       | All         |      10/07       |   10/10   | Yes(10/09)  |
| Product development                                          | All         |      10/12       |   10/10   | Yes(10/24)  |
| Product development Report                                   | Jack        |      10/12       |   10/10   | Yes(10/17)  |
| Week 7 reflections                                           | Individual  |      10/12       |   10/10   | Yes(10/17)  |
| Product development report                                   | All         |      10/12       |   10/10   | Yes(10/17)  |
| Create an MVP                                                | All         |      10/18       |   10/10   | Yes(10/31)  |
| Week 8 reflections                                           | Individual  |      10/18       |   10/10   | Yes(10/24)  |

| *Tasks*                                                  |                   |                  |           |                |
| -------------------------------------------------------- | :---------------: | :--------------: | :-------: | :------------: |
|                                                          |       Owner       | Est/Act/Assigned | Milestone |   Submitted    |
| Week 8 survey                                            |    Individual     |      10/18       |   10/10   |   Yes(10/24)   |
| Creation of the website domain                           |      nelson       |      10/18       |   10/10   |   Yes(10/31)   |
| Create product app using Loveable                        |      nelson       |      10/21       |   10/10   |   Yes(10/31)   |
| Set up analytics tracking system                         |      nelson       |      10/18       |   10/10   |   Yes(10/31)   |
| Create a KPI group dashboard                             |       Jack        |      10/18       |   2/10    | Pending(10/31) |
| Create QR codes with link to the website                 |       Ayden       |      10/18       |   5/10    | Pending(10/31) |
| Create company email and social media pages              |   Jack & Ayden    |      10/18       |   5/10    | Pending(10/31) |
| Figure out payment system for purchases                  |      nelson       |      10/18       |   4/10    | Pending(10/31) |
| Menu and Inventory development                           |       Lucas       |      10/18       |   6/10    | Pending(10/31) |
| Establish ‘order food & merch’ pathways/framework        |        All        |      10/18       |   10/10   |   Yes(10/31)   |
| Week 9 reflections                                       |    Individual     |      10/25       |   10/10   |   Yes(10/31)   |
| Week 9 survey                                            |    Individual     |      10/25       |   10/10   |   Yes(10/31)   |
| Send emails to recommended resources for our product     |   Jack & Lester   |      10/21       |   10/10   |   Yes(10/31)   |
| Create company logo and slogan                           |       Ayden       |      10/21       |   10/10   |   Yes(10/31)   |
| Film commercial                                          |     Everyone      |      10/30       |   10/10   |   Yes(11/3)    |
| Week 10 reflections                                      |    Individual     |      10/31       |   10/10   |   Yes(11/7)    |
| Week 10 survey                                           |    Individual     |      10/31       |   10/10   |   Yes(11/7)    |
| Legal issues report                                      |       Jack        |      10/31       |   10/10   |   Yes(11/14)   |
| Legal issues quiz                                        |       Ayden       |      10/31       |   10/10   |   Yes(11/7)    |
| Network & referrals quiz                                 |       Jack        |       11/7       |   10/10   |   Yes(11/14)   |
| Week 11 reflections                                      |    Individual     |       11/7       |   10/10   |   Yes(11/14)   |
| Week 11 survey                                           |    Individual     |       11/7       |   10/10   |   Yes(11/14)   |
| Strategies to find partners                              |   Lester, Lucas   |       11/7       |   10/10   |   Yes(11/28)   |
| Re-narrate and edit commercial                           |      Lester       |       11/7       |   10/10   |   Yes(11/14)   |
| Legal issues presentation                                |        All        |       11/7       |   10/10   |   Yes(11/21)   |
| Week 12 reflections                                      |    Individual     |      11/14       |   10/10   |   Yes(11/21)   |
| Week 12 survey                                           |    Individual     |      11/14       |   10/10   |   Yes(11/21)   |
| Create our own module                                    |      Lester       |      11/14       |   10/10   |   Yes(11/28)   |
| Conduct 3 partner meetings                               | Jack,Ayden,Lester |      11/14       |   0/10    | Pending(11/28) |
| Update logo                                              |       Ayden       |      11/20       |   10/10   |   Yes(11/28)   |
| Find out whether we will need a Class B/D Alcohol permit |   Jack, Lester    |      11/20       |   10/10   |   Yes(11/28)   |
| Begin Presentation                                       |        All        |       12/1       |   10/10   |   Yes (12/2)   |
| Week 13 survey                                           |    Individual     |      11/28       |   10/10   |   Yes(12/2)    |
| Week 13 reflections                                      |    Individual     |      11/28       |   10/10   |   Yes(12/2)    |
| Week 13 MR report                                        |       Jack        |      11/28       |   10/10   |   Yes(12/2)    |
| Week 14 survey                                           |    Individual     |       12/2       |   10/10   |   Yes(12/5)    |
| Week 14 reflections                                      |    Individual     |       12/2       |   10/10   |   Yes(12/5)    |
| Week 14 MR report                                        |      Nelson       |       12/2       |   10/10   |   Yes(12/5)    |
| Shark Tank presentation                                  |        All        |       12/2       |   10/10   |   Yes(12/9)    |
| Final pitch                                              |        All        |       12/9       |   10/10   |   Yes(12/9)    |
|                                                          |                   |                  |           |                |
|                                                          |                   |                  |           |                |
|                                                          |                   |                  |           |                |
|                                                          |                   |                  |           |                |
|                                                          |                   |                  |           |                |

**Progress**

*Record anything you've done here. As appropriate, update the project table above.*

During this reporting period, we accomplished these tasks: 

| Who              | What                                                         |
| :--------------- | :----------------------------------------------------------- |
| **AYDEN**        | 1 PAGER- Includes a brief breakdown of our company, customer, and problem. With that there is also a diagram to represent the theory of value |
| **AYDEN**        | Theories of Values- Portion of Phase 1, all of Phase 2 & 3   |
| **TEAM MEMBERS** | Created a theory of value for our business idea by identifying core elements of who is being satisfied, what, and how. |
| **TEAM MEMBERS** | Worked through the team worksheet and pressure tested our theory of value |
| **TEAM MEMBERS** | Brainstormed using the elements of theories of value and made appropriate changes to our business idea. |
| **Nelson**       | Helped generate questions for the survey form                |
| **nelson**       | On 10/11, Attended the UMD football  game at SECU and got to interview five people watching the game. Also got a chance to observe how stadium purchases are made by fans. |

| Jack | Researched in depth what competitors are doing: Found out that Stadiumdrop and seatserve are the two main competitors. Also found out stadiumdrop operates around texas and seatserve mainly does soccer stadiums. Both platforms allow customers to order concessions and have it delivered to seat |
| :--- | :----------------------------------------------------------- |

| Jack | Completed experimentation and learning. Learned that in experiments randomization of groups is key |
| :--- | :----------------------------------------------------------- |

| Jack | Conducted 5 peer interviews and figured out more about the real problems our target customers have when they go to the stadium |
| :--- | :----------------------------------------------------------- |

| Ayden | Researched certain trends to discover which items are more popular and if other markets where reachable |
| :---- | :----------------------------------------------------------- |

| Ayden                           | Conducted interviews to learn and assess the value and validity of our product and problem |
| :------------------------------ | :----------------------------------------------------------- |
| **Nelson**                      | Looked into different AI engines that could help us build a website. Used Wix to develop a website demo for our business idea. |
| **All**                         | Completed product development report. Created KPI dashboard and identified what tasks need to be done over the next several weeks |
| **Jack, Lester, Ayden, Nelson** | Presented progress on our product development to the class on 10/21 and got feedback and useful resources from our classmates and professor |
| **Jack,Ayden**                  | Completed the MVP report on 10/31                            |
| **Ayden**                       | Created company logo and slogan for the product on 10/23     |
| **Nelson**                      | Created MVP and website domain using loveable AI on 10/23    |
| **Nelson**                      | Setup analytics tracking system on loveable AI               |
| **Jack**                        | Started setting up company emails and creating company social media platforms eg, TikTok |
| **Lucas**                       | Directed and filmed the product commercial                   |
| **Nelson, Ayden, Jack**         | Participated as actors in the filming of the product commercial |
| **Lester, Jack**                | Edited and narrated the product commercial                   |
| **All**                         | Presented the product commercial to the class on 11/4 and got feedback on how to improve it. |
| **Jack, Nelson, Lucas**         | Generated a legal issues report to respond to potential legal concerns regarding taxes, trademarks, regulatory issues, and liabilities. |
| **Jack**                        | Started putting together a slide show presentation that will be presented in class on legal issues. |
| **ALL**                         | Presented the legal issues slides to the class on 11/20 and got feedback from the professor and our classmates especially on how to improve our company logo. |
| **Jack, Lester, Ayden, Lucas**  | Started coming up with a list of people that we will reach out to about improving and achieving our business goals. |
| **ALL**                         | Shark tanked our business idea to the class                  |
|                                 |                                                              |
|                                 |                                                              |
|                                 |                                                              |
|                                 |                                                              |

**Plans**

During the next week, we plan to finish these tasks:

| Who         | What                                                         |
| :---------- | :----------------------------------------------------------- |
| Jack        | Research in depth what competitors are doing: what problems do fans experience at the stadium that they are not solving? Are they partnering with vendors? How are THEY creating value? How can we do it better? |
| Ayden       | Analyze typical merchandise sales within stadiums, and see if there is a way to find what part of the event/game merchandise is most desired. Study trends on how much the average viewer spends and what percentage of viewers buy something during the game. |
| Nelson      | Identify who we need to work with, for example, stadium operators, teams, merchandise vendors, and payment processes. |
| Nelson      | Think about who will deliver items, for example, stadium staff, dedicated droppers, or volunteers. |
| All members | Complete week 5 individual reflections and survey by 10/03   |
| All members | Fill in the week 5 MR Report by 10/03                        |
| Jack        | Complete Experimentation and Learning. Learn about making a good hypothesis, how to create an experiment that will help us in making our product. Use content from theories of value to figure out hypothesis and possible experiment by 10/3 |
| Jack        | Create Survey questions about fans' experience at the games and ask specific questions about how much time they wait in lines, if they missed any part of the game and why, and their overall satisfaction. Try to get people to fill out form at game football game on 10/4 |
| Ayden       | Research and compare sales (both concessions and merchandise) between collegiate level stadiums and professional level stadiums by 10/7 |
| All members | Continue to dive into whether a website or app would be better and the logistics of creating one of those. By 10/7 |
| Nelson      | Interview 5 people regarding our business idea and get feedback by 10/9 |
| Nelson      | Find information on the stadium operators and reach out to them if possible by 10/10 |
| Nelson      | Look into AI engines that can help us build a website by 10/10 |
| Jack        | Conduct 5 peer interviews to try and figure out what real problems our target customers are having |
| All         | Explore how we will build our product (website/app), what features to include, and start development by 10/17 |

| Ayden | Continue to administer interviews and build new questions to continue learning |
| :---- | :----------------------------------------------------------- |

| Jack            | Start using AI to figure out how we can make our website. Based on the feedback that a lot of people get distracted at games from being on their phone we need to make it so that our platform is super easy and quick to use |
| :-------------- | :----------------------------------------------------------- |
| All             | Complete product development report                          |
| Ayden           | Try and find a contact within a single stadium that potentially help us with the logistics and placement of our product |
| Nelson          | Figure out the payment system we will be using for purchases by 10/24 |
| Nelson          | Set up analytics tracking system for the website by 10/24    |
| Jack and Lester | Send emails to associate directors of marketing UMD athletics to get an idea of it we would be able to get our service into the stadiums by 10/31 |
| Ayden           | Come up with final name for project and logo, and slogan by 10/31 |
| Jack            | Create business email and socials based on company logo and slogan by 10/31 |
| Nelson          | Continue looking at how to build website [https://lovable.dev/](https://lovable.dev/) |

| Jack and Lester | Reach out to Stadium drop to find out how they execute their services |
| :-------------- | :----------------------------------------------------------- |
| Ayden           | Create the social media and professional email by 10/31      |
| Jack and Nelson | Send out MVP (website demo) to people and get their feedback on it [https://roar-order-seat.lovable.app/](https://roar-order-seat.lovable.app/) |
| Everyone        | Meet in ritchie colosseum on monday 11/3 to create ad, post on tik tok and instagram |
| Ayden           | Attempt to make different models for the logo to follow the given stadiums colors |
| Nelson          | Continue using the free credit points to edit the MVP on Loveable |
| Everyone        | Try and find a way to gather funding for our team so that we can continue to develop our app & website |
| Ayden           | Continue to build tiktok/instagram/other social media pages for our team |

| Jack                | Book a time to use Smith studio to get a better narration for our commercial |
| :------------------ | :----------------------------------------------------------- |
| Jack                | Reach out to contacts at UMD athletics department and get their opinion on how we can get our service into the stadiums |
| Everyone            | Complete Legal issues presentation                           |
| Ayden               | Make up all the work from being outCommunicate with the group on what needs to be done |
| Lucas, Lester       | Use microphone in church to rerecord our narration on commercial |
| Jack, Ayden, Nelson | Explore what is required to register our business as an LLC in Maryland. |
| ALL                 | Find an advisor for our company through strategies to find partner modules |
| Ayden               | Update our logo and make options that are not too overcrowded. Survey people to see which they like the most |
| All                 | Use the  break to catch up on all past due assignments and also start preparing for the final pitch presentation that is coming up. |
| Jack                | Look more into legal issues specifically with alcohol policy |
| all                 | Create a new logo that is simpler than the one we showed in class |
| All                 | Create shark tank pitch using the modules from over the semester. Emphasize what the product would look like when fully optimized. Focus more on modules that were strengths for our product |
| Ayden               | Finalize the logo and implement it into the slide deck       |
| Jack                | Organize MR and make sure all plans that have been completed are in progress |
| All                 | Generate a powerpoint presentation and present it to the class for our Shark Tank presentation on 12/09 |
|                     |                                                              |
|                     |                                                              |

**Problems**

We are aware of these problems:

| Owner (Due Date) | What                                                         |
| :--------------- | :----------------------------------------------------------- |
| Everyone         | If we all have different classes and other personal priorities then this could get in the way of us focusing all our attention on this product. We should all set aside time in the week to work on this class |
| Everyone         | If we feel like even with all the brainstorming but there are still risks we are not exploring or aware of, then our product might not be optimal. We should take the extra step of surveying and research to make sure there is nothing we are missing |
| Everyone         | If we do not have much expertise on website/app building, then our product might not be as good. Should ask coding friends on do research on how to build a good website |
| Nelson           | If There is a football game at SECU this saturday and I won't be in attendance, I will miss the opportunity to get to interview some fans. Instead I should send the survey to one of my teammate who will make it to the game |
| Nelson           | Don’t know what it takes/how to implement a financial/payment system into a website, so I will research about it, if not find someone to help. |
| Everyone         | If there is a shortage of funds, Then the team will have difficulty purchasing a domain name, extension, and covering setup expenses, Impact: Delayed business start-up. Mitigation: Seek low-cost hosting options or crowdfunding to raise initial setup funds. Due Date: 11/07/25 |
| Everyone         | If there are technical issues at launch, Then customers will have a bad user experience, Impact: Poor user retention and negative brand image. Mitigation: Conduct pre-launch testing, use beta testers, and have IT support ready during launch week. Due Date: 11/07/25 |
| Everyone         | If the team fails to run daily website updates and maintenance, Then the website, inventory, or catalog may become outdated, Impact: Reduced user engagement and potential loss of sales due to website issues. Mitigation: Assign a weekly update schedule and use automated monitoring tools. Due Date: 10/31/25 |
| Everyone         | If Seatr onboards vendors or collects customer data without verifying required Maryland food-service licenses, compliance with stadium regulations, or proper data protection protocols. Then Seatr may be legally responsible for food safety violations, health code breaches, or data privacy violations. Impact: State fines for onboarding unlicensed vendors, liability for foodborne illness or unsafe preparation, potential loss of stadium access or vendor partnerships Mitigation: Create a vendor verification system, implement Maryland PIPA-compliant data protection measures, ensure PCI DSS compliance for payment processing, and document all licenses and safety certifications.  Due date: before vendor onboarding and app launch |

| Everyone | If Seatr continues operating without registering as a Maryland LLC, obtaining an EIN, and creating formal written agreements Then the founders will be personally responsible for all business taxes, debts, disputes, and liabilities.  Impact: Personal assets could be at risk in lawsuits, IRS penalties for improper tax reporting, and stadium partners may refuse to sign contracts with an unregistered entity. Mitigation: Register Seatr as an LLC with Maryland SDAT and obtain an EIN from the IRS, and create written vendor agreements and worker agreements Due date: 11/28/2025 |
| :------- | :----------------------------------------------------------- |

​                                                                                                                                           

**Priorities**

We are working on these priorities:

1. Conduct a pilot test at xfinity center. .   
2. Register our company as an LLC in Maryland.   
3. Reach out to the provided UMD contacts at the athletics department and get information on how we can get our service into the stadiums. .   
4. Assess what permits we will need in order to start operating.   
5. Develop menu and inventory  
6. Figure out payment system for purchases    
7. Setup meetings with the people we were told to reach out to.   
8. Learn how stadiums currently handle concessions and merchandise.   
9. Create a site or app so that we have a basis for our product  
10. Develop a social media presence on Instagram  ",3651,"**Problems**

We are aware of these problems:

| Owner (Due Date) | What                                                         |
| :--------------- | :----------------------------------------------------------- |
| Everyone         | If we all have different classes and other personal priorities then this could get in the way of us focusing all our attention on this product. We should all set aside time in the week to work on this class |
| Everyone         | If we feel like even with all the brainstorming but there are still risks we are not exploring or aware of, then our product might not be optimal. We should take the extra step of surveying and research to make sure there is nothing we are missing |
| Everyone         | If we do not have much expertise on website/app building, then our product might not be as good. Should ask coding friends on do research on how to build a good website |
| Nelson           | If There is a football game at SECU this saturday and I won't be in attendance, I will miss the opportunity to get to interview some fans. Instead I should send the survey to one of my teammate who will make it to the game |
| Nelson           | Don’t know what it takes/how to implement a financial/payment system into a website, so I will research about it, if not find someone to help. |
| Everyone         | If there is a shortage of funds, Then the team will have difficulty purchasing a domain name, extension, and covering setup expenses, Impact: Delayed business start-up. Mitigation: Seek low-cost hosting options or crowdfunding to raise initial setup funds. Due Date: 11/07/25 |
| Everyone         | If there are technical issues at launch, Then customers will have a bad user experience, Impact: Poor user retention and negative brand image. Mitigation: Conduct pre-launch testing, use beta testers, and have IT support ready during launch week. Due Date: 11/07/25 |
| Everyone         | If the team fails to run daily website updates and maintenance, Then the website, inventory, or catalog may become outdated, Impact: Reduced user engagement and potential loss of sales due to website issues. Mitigation: Assign a weekly update schedule and use automated monitoring tools. Due Date: 10/31/25 |
| Everyone         | If Seatr onboards vendors or collects customer data without verifying required Maryland food-service licenses, compliance with stadium regulations, or proper data protection protocols. Then Seatr may be legally responsible for food safety violations, health code breaches, or data privacy violations. Impact: State fines for onboarding unlicensed vendors, liability for foodborne illness or unsafe preparation, potential loss of stadium access or vendor partnerships Mitigation: Create a vendor verification system, implement Maryland PIPA-compliant data protection measures, ensure PCI DSS compliance for payment processing, and document all licenses and safety certifications.  Due date: before vendor onboarding and app launch |

| Everyone | If Seatr continues operating without registering as a Maryland LLC, obtaining an EIN, and creating formal written agreements Then the founders will be personally responsible for all business taxes, debts, disputes, and liabilities.  Impact: Personal assets could be at risk in lawsuits, IRS penalties for improper tax reporting, and stadium partners may refuse to sign contracts with an unregistered entity. Mitigation: Register Seatr as an LLC with Maryland SDAT and obtain an EIN from the IRS, and create written vendor agreements and worker agreements Due date: 11/28/2025 |
| :------- | :----------------------------------------------------------- |

​                                                                                                                                           

",62.0,38.0,74.0,54.0,5.0,81.0
NGM,NGM Team,Next Generation Myanmar education," **To:		Dr. Sheetal Singh**  
**From:	 	Jimmy Miller, Stephen Lawrence, Aung Khant Pyae (Alvin), Fjona Xhema, Ayslinn Villalta**  
**Subject:		Team Management Report \- Week ending 05 Dec, 2025**  
**Copies:		Instructor Team**  
**Key indicators**

|  | 9/19/25 | 9/26/25 | 10/3/25 | 10/10/25 | 10/17/25 | 10/24/25 | 10/31/25 | 11/7/25 | 11/14/25 | 11/21/25 | 12/2/25 | 12/5/25 | Total |
| :---- | :---: | :---: | :---: | :---: | :---: | :---: | :---: | ----- | :---: | :---: | :---: | :---: | :---: |
| Precision Execution Score | 4/4 100% | 6/6 100% | 6/8 75% | 8 /10 80% | 10/11 91% | 5/5 100% | 4/6 67% |  3/5 60% | 4/5 80% | 6/9 75% | 6/7 86% | ⅚ 83% | 67/82 82% |

| *Tasks* |  |  |  |  |
| ----- | ----- | :---: | :---: | :---: |
| **\[Course or Activity\]:Task** | Owner | Est/Act/Assigned | Milestone | Submitted |
| Team Reflection | All | 9/18 | 9/20 | Yes (9/20) |
| Research Quickbooks Pricing Tiers and Capabilities  | Jimmy | 9/18 | 9/23 | Yes (9/21) |
| Research into Myanmar Conflicts affecting Current Environment | Stephen | 9/18 | 9/23 | Yes (9/25) |
| Theories of Value Assignment | All | 9/23 | 9/26 | Yes (9/25) |
| Re Sumbit founder agreement  | Fjona Asylinn | 9/23 | 9/23 | Yes (9/25) |
| Catch up to speed with the NGM initiative and venture idea | Fjona Asylinn | 9/23 | 9/30 | No (9/30) |
| Micro Experiment Plan | All | 9/25 | 10/3 | Yes (10/3) |
| Micro Experiment Reflection | All | 9/25 | 10/3 | Yes (10/3) |
| Sign up for Wave and bring the beginning balances of the accounts up to date | Jimmy | 10/2 | 10/6 | Yes (10/8) |
| Customer zoom meeting | All | 10/2 | 10/5 | Yes (10/5) |
| Develop Micro experiment activity to distribute to NGM | Fjona All | 9/30 | 10/7 | No (10/7) |
| Researching NGOs which have Like-Minded Goals or Support Similar Constituents | Stephen | 10/2 | 10/9 | Yes (10/7) |
| Product Development Module | All | 10/3 | 10/10 | Yes (10/10) |
| Begin NGM’s transition into being a recognized nonprofit by exploring new connections | Aung | 10/9 | 10/12 | Yes (10/12) |
| Start tracking transactions in real time with Wave | Jimmy | 10/9 | 10/12 | Yes (10/12) |
| Strategies to find Advisors/Partners/ customers module | All | 10/9 | 10/17 | Yes (10/17) |
| Approve club structure with student affairs | Aung | 10/16 | 10/19 | Yes (10/21) |
| Begin outreach to students to pilot clubs | Aung Fjona Asylinn | 10/17 | 10/24 | Yes (10/24) |
|  Legal Module | All | 10/21 | 10/24 | Yes (10/24) |
| Begin identifying and applying for grants | Jimmy Stephen | 10/16 | 10/31 | Yes (10/31) |
| Marketing Module | All | 10/28 | 11/4 | Yes (11/4) |
| Full scale club launch | Aung All | 10/23 | 11/9 | Yes (11/16) |
| Explore possibility of international baccalaureate accreditation | AsylinnAll | 11/10 | 11/28 | No (11/28) |
| Implement donation tab on website | AungJimmy | 11/19 | 11/28 | No (12/5) |
| Final Presentation | All | 11/21 | 12/7 | Yes (12/4) |

**Progress**

During this reporting period, we accomplished these tasks: 

| Who | What |
| :---- | :---- |
| Alll  | We have formed our team and started to discuss our goals for the semester. We have decided to focus on bringing an American POV to the business when thinking about curriculum and syllabus construction. We have also decided to focus on improving the current accounting methods so that financial information is easier to generate. Completion Date: 9/18  Task: Decide our team and project focus |
| Jimmy | Jimmy  introduced Aung and Stephen to Quickbooks and explained an example of how we could use it to benefit Next Generation Myanmar Completion Date: 9/18  Task: Research Quickbooks Pricing Tiers and Capabilities  |
| All  | We established our lines of communication by setting up our group chat and our discord server. We will use these resources as the semester progresses to ensure that we are staying on track and achieving our goals.  Completion Date: 9/18  Task: Join Discord Server & Establish Imessage Group Chat |
| Aung | Aung explained to Jimmy and Stephen about the Myanmar education system, the current conflict, and NGM's goal, mission, and vision to give them a better understanding. Completion Date: 9/18  Task: Research into Myanmar Conflicts affecting Current Environment |
| All | Completed our first group MR report using the template from our draft reports. We made sure to think about how our team would go through the formation process, how we could solidify our project’s direction, and what the future of the project would require. Completion Date: 9/19 Task: Submit first Group MR Report |
| Jimmy | Jimmy created a document that included the different Quickbooks tiers to share with Aung so that we could strategize which level would be the best for this semester and for NGM moving forward.  Completion Date: 9/21 Task: Research Quickbooks Pricing Tiers and Capabilities  |
| All | We completed the team formation module including our team reflection and our founder’s agreement.  Completion Date: 9/20 Task: Complete founders agreement and team reflection |
| Stephen | Stephen read news articles on the current state of conflicts in Myanmar, as well as how those conflicts are affecting the school system and even the closure of locations seen as targets. Also explored the potential long term impact on human capital through the loss of development and education. Completion Date: 9/25 Task: Research into Myanmar Conflicts affecting Current Environment |
| Fjona Asylinn | Reviewed NGM to learn more about its mission and structure, reviewed the goals of the project and agreed to the team contract Completion Date: 9/25 Task: Catch up to speed with the NGM initiative and venture idea |
| Fjona | Resigning the founders agreement and Trader Sodoku Completion Date: 9/25 Task: Re Sumbit founder agreement  |
| Fjona | Made the slides for the theory of value map and created a theory of value map and completed the map with input from the group Completion Date: 9/25 Task: Theories of Value Assignment |
| Jimmy | Completed the Theory of Value Worksheet with input from the group Completion Date: 9/25 Task: Theories of Value Assignment |
| Stephen | Completed the theory of value one pager with input from the group Completion Date: 9/25 Task: Theories of Value Assignment |
| Asylinn | Resubmit Founder’s Agreement Completion Date: 9/25 Task: Theories of Value Assignment |
| Aung | Drafted survey questions tailored for students, parents, and teachers to gather perspectives on adapting the U.S. education system into NGM, and began distributing and collecting survey responses. Completion Date: 9/28 Task: Micro Experimentation Plan |
| Stephen | Recorded key points during our conversation with Professor Singh to be used in our micro-experimentation plan. Completion Date: 9/30 Task: Micro Experimentation Plan |
| All | Our group decided that we want to test our hypothesis that U.S. style pedagogy makes our business offering more valuable. To do this we are designing example assignments that we can distribute to students in Myanmar. Completion Date: 9/30 Task: Micro Experimentation Plan |
| All | We have decided to test our hypothesis and deploy our micro experiment by using NGM’s existing base of students and parents. Completion Date: 9/30 Task: Micro Experimentation Plan |
| Asylinn Fjona | Ayslinn researched  problems affecting online education to measure the risk of creating additions to the curriculum. Found that students struggle with unclear instructions, isolation, and low motivation in online learning. Incorporating interactive platforms and structured feedback can significantly improve clarity and student engagement. Completion Date:  9/30 Task: Catch up to speed with the NGM initiative and venture idea |
| All | We have decided that our metric for success for the micro experiment will be student engagement and sentiment. We will measure engagement by seeing how much students participate with the activities and we will measure sentiment by distributing a post-activity survey.  Completion Date: 10/2 Task: Micro Experimentation Plan |
| Fjona Asylinn | Researched possible gamification platforms to create our micro experiment on. Identified that Blooket and Time to Climb may be good platforms to use at first. Completion Date: 10/2 Task: Micro Experimentation Plan |
| Jimmy Aung | Jimmy and Aung discussed setting up official books for NGM. We have decided to set up an account with Wave after talking to Professor Singh about her recommendations for accounting software. We are currently in the process of getting the account up and running. Completion Date: 10/2 Task: Research Quickbooks Pricing Tiers and Capabilities  |
| Aung | Scheduled meeting with NGM students on 10/5 Completion Date: 10/5 Task: Customer Zoom Meeting |
| All | Interviewed 20 students about their current education experience at NGM to hear what they want more of and what they do not like. The students also asked us about our experience in America and commented on things they thought sounded nice to have. Completion Date: 10/5 Task: Customer Zoom Meeting |
| Aung  | Drafted a proposal to send to NGM’s BOD that lays out the structure and process we envision for extracurriculars at NGM. We discussed the leadership structure, meeting frequency, approval process, and faculty support system. Completion date: 10/7 Task: Product Development Module |
| Jimmy | Set up the revenue and expense accounts and began to import historical data for this year so that reports can be generated. Completion Date: 10/8 Task: Sign up for Wave and bring the beginning balances of the accounts up to date |
| Stephen | Researched foreign nonprofits that specialize in education and identified 4 nonprofits that we can reach out to in the future Completion Date: 10/9 Task: Researching NGOs which have Like-Minded Goals or Support Similar Constituents |
| All | Identify potential risks of implementing a new product design using the CEI framework and risk up front modules Completion Date: 10/7 Task: Product Development Module |
| All | Understand and implement the product-market-marketing fit framework to address risks and set KPIs Completion Date: 10/7 Task: Product Development Module |
| All | Create KPI Dashboard Completion Date: 10/9 Task: Product Development Module |
| All | Reflect on the product development frameworks, identify necessary steps to roll out the plan, and iterate on KPIs Completion Date: 10/9 Task: Product Development Module |
| Aung   | Met with Professor Singh to discuss the steps necessary to become a recognized non-profit. She recommended we talk with the Dingman-Lamone center for entrepreneurship to get more guidance and connections. Completion date: 10/9 Task: Begin NGM’s transition into being a recognized nonprofit by exploring new connections & Strategies to find Advisors/Partners/ customers module |
| Jimmy | Input all revenue and expenses from February to August so that we have functional financial statements that NGM can use as it begins to apply for grants.  Completion date: 10/12 Task: Start tracking transactions in real time with Wave |
| JimmyAung | Met with Lottie Byram from the Dingman-Lamone Center for Entrepreneurship to discuss NGM and our project goals. She helped connect us with some of the center’s alums who can help us moving forward and also encouraged us to compete in the pitch competition and the Do Good challenge. Completion date: 10/15 Task: Strategies to find Advisors/Partners/ customers module |
| Jimmy | Met with Michael Phillip to gain insight on what it takes to run successful student organizations and sought advice on how to make sure students are engaged and have the opportunity to learn valuable skills.  Completion date: 10/16 Task: Strategies to find Advisors/Partners/ customers module |
| Jimmy | Emailed Dr. Rajshree Agarwal and Sean Mchale from our contact list to open new partnership doors and get advice on reaching our goals.  Completion Date: 10/16 Task: Strategies to find Advisors/Partners/ customers module |
| Stephen | Reached out to non profits contacts that he identified based on his research on organizations that have similar missions to NGM. Completion Date: 10/16 Task: Strategies to find Advisors/Partners/ customers module |
| Stephen | Reached out to non profit contact, Katlin Gray, within the School of Public Policy and Do Good Institute after spending time within the Public Leadership Scholars and taking a class on Nonprofit Leadership and Innovation. Completion Date: 10/16 Task: Strategies to find Advisors/Partners/ customers module |
| All   | Began forming connections that can help NGM on our way to receiving grants to support our students. We connected with Do Good and will start here since we are already connected to it. Completion Date: 10/16 Task: Strategies to find Advisors/Partners/ customers module |
| All   | Identified advisors in the U.S. who have experience overseeing student clubs to help us with the club structure. Met with Michael Phillip who gave us advice and sent us some example activities he did with students over Covid that can be adapted to NGM’s online environment. Completion Date: 10/16 Task: Strategies to find Advisors/Partners/ customers module |
|  All  | Opened partnership doors that can help us reach foreign countries for possible expansion by reaching out to three non profits that have a similar mission to NGM Completion Date: 10/16 Task: Strategies to find Advisors/Partners/ customers module |
| Aung All    | Finalize the student club structure document so that it can be approved by others in NGM and we can begin contacting students about it. Completion Date: 10/16 Task: Product Development Module |
|  Aung | Completed the full NGM student clubs structure and finalized the rollout timeline, presented to Student Affairs on Oct 21\. Completion Date: 10/21 Task: Product Development Module |
| Aung Jimmy | Met with over 700 students to introduce the addition of clubs to NGM and to explain how they will work going forward so that students can register for them. Completion Date: 10/26 Task: Product Development Module |
| Jimmy | Compiled reports from Wave to support the legal module and showcase how we are mitigating risks for taxes. Also researched different regulations relating to our nonprofit status. Completion Date: 10/23 Task: Legal Module |
| Aung | Updated the team on the legal implications of the civil war in Myanmar. Informed the team of trademarks NGM has, non-profit status, and employee contract structure. Completion Date: 10/23 Task: Legal Module |
| Stephen Fjona | Identified legal liabilities and risks that come from NGM’s operation in both the U.S. and abroad Completion Date: 10/23 Task: Legal Module |
| Stephen Fjona | Completed legal issues report based on in class discussions with the team and Aung Completion Date: 10/23 Task: Legal Module |
| All  | Meet with Takiyah Roberts from Dare to Dream. Takiyah is a former UMD and Dingman alum who increases educational access in the U.S. She talked to us about how networking can lead to expansion opportunities, the importance of deeply understanding your target market, and using partners to offer more to students without having to deal with scope creep.  Completion Date: 10/27 Task: Strategies to find Advisors/Partners/ customers module |
| Aung  | Created 2 scripts for commercials we are making. One directed at students and one directed at donors.  Completion Date: 10/29 Task: Marketing Module |
| Jimmy | Imported September revenues and expenses into wave and categorized transactions to bring reports up to date Completion Date: 10/30 Task: Start tracking transactions in real time with Wave |
| All  | Recorded each part of the commercial with Aung Completion Date: 10/30 Task: Marketing Module |
| Aung  | Send video clips for commercial to digital design team to put everything together. Completion Date: 10/31 Task: Marketing Module |
| AungAll  | Apply for Do Good Campus Fund Grant Completion Date: 11/3 Task: Begin identifying and applying for grants |
| JimmyStephenAung  | Meeting with [Sean McHale](mailto:sean_and_sue@yahoo.com) from the Maryland Food Bank to discuss partnership opportunities for refugee youth programs and local community-based support. Completion Date: 11/5 Task: Strategies to find Advisors/Partners/customers module |
| Aung  | Approved 27 student led clubs that will present to the broader NGM student body on 11/17 Completion Date: 11/7 Task: Begin outreach to students to pilot clubs |
| JimmyAung  Asylinn Stephen Fjona | Met with Poly Vail who is in Dingman’s mentor network and has experience in the social impact space. She suggested that we look into the international baccalaureate program and if it was possible to implement in our program Completion Date: 11/10 Task: Strategies to find Advisors/Partners/customers module |
| JimmyAung  Stephen Fjona | Met with Sean McHale and John Lemich (head grant writer for MD food bank) to get feedback on our current grant proposal document and learn strategies to identify and capitalize on grant opportunities. We also discussed the possibility of partnering NGM with relief services abroad to access more students since Sean has a background working with Catholic Relief Services. Completion Date: 11/11 Task: Strategies to find Advisors/Partners/customers module |
| Aung  | Edited second commercial that will be more donor facing. Sent it out to the team for approval.  Completion Date: 11/16 Task: Marketing Module |
| All | Host NGM club fair to introduce each of the new 27 clubs to the rest of the student body. Everyone had a speaking part during the meeting to address the mission behind the clubs we are implementing and to thank the students for their enthusiasm Completion Date: 11/16 Task: Full Scale Club launch |
| Jimmy | Researched what is needed to apply for a federal UEI code so that the team can gather all the necessary information and documents that we will need to apply.  Completion Date: 11/19 Task: Begin identifying and applying for grants |
| Jimmy | Looked into using Zeffy, a donation gathering platform I have used in the past to see if it would be possible to use it to collect donations for NGM. Seems it could work so we are going to explore using this site over break. Completion date: 11/19 Task: Implement donation tab on website |
| Jimmy | Drafted emails to send to Dr. Seaman and Dr. Loboda to see if they have any insights or connections in Myanmar that could help us expand.  Completion date: 11/21 Task: Networking Module |
| Stephen Jimmy | Used the notes from our meeting with Sean McHale and John Lemich to further expand the story we want to tell with our grant application. Will continue to refine this for our final presentation Completion date: 11/21 Task: Begin identifying and applying for grants |
| Jimmy | Began outlining presentation and drafted a hook that we can use within our grant proposal Completion Date: 11/29 Task: Final Presentation & Begin identifying and applying for grants |
| All | Talked with family and friends about our idea over break and received a lot of great encouragement from these people Completion date: 11/30 Task: Networking Module |
| JimmyAung | Entered revenue and expense transactions for October Completion date: 12/1 Task: Start tracking transactions in real time with Wave |
| Jimmy | Sent emails to Dr. Seaman and Dr. Loboda and currently setting up a time to meet with Dr. Loboda Completion date: 12/1 Task: Networking Module |
| Aung Jimmy | Discussed requirements to get a federal UEI code and currently working on gathering all of the necessary information Completion Date: 12/1 Task: Begin identifying and applying for grants |
| Aung Jimmy | Discussed the possibility of using Zeffy to build a donation portal. So far it is our best option and free to make.  Completion date: 12/1 Task: Implement donation tab on website |
| All  | Built our final presentation Completion date: 12/2 Task: Pitch Deck  |
| All | Gave shark tank pitch presentation during class  Completion date: 12/4 Task: Final Presentation |
| All | Rerecorded our pitch with some adjustments to the slides in order to use this video to assist with future partner acquisition Completion date: 12/5 Task: Recording Pitch |
| JimmyAung | Started federal UEI code application to receive grants Completion date:12/5 Task: Begin identifying and applying for grants |
| JimmyAung | Created Zeffy account and link banked account to create donation page Completion date: 12/5 Task:Implement donation tab on website |

**Plans**

During the next week, we plan to finish these tasks:

| Who | What |
| ----- | :---- |
| Asylinn All (12/5) | Research IB program and what it takes to receive IB accreditation which would differentiate our offering |

	 

**Problems**

We are aware of these problems:

| Owner (Due Date) | What |
| :---- | :---- |
| Jimmy | Cause: The current banking infrastructure in Myanmar causes difficulties importing financial data Effect: Tracking financial information is more difficult Impact: Generating and utilizing financial information is time consuming which makes it less likely it will be utilized effectively Mitigations: manual entry on a per week basis, biweekly reconciliations with the financial statements Update: We are actually able to import transactions from a CSV file that we can create with bank reports making the process much easier (10/12) |
| Aung | Cause: The time zone difference between Myanmar and the U.S. is reversed. Effect: It can be difficult to find a common meeting time, especially when other tasks are scheduled at night. Impact: Coordination and collaboration may be delayed, which could affect timely progress on tasks. Mitigations: Planning to host any interviews or meetings with the NGM team at 9pm EST Update: We met with students at 9:30PM EST which was 8:00AM for them (10/5) |
| AungJimmy | Cause: Our target customers are students in crisis stricken countries Effect: Customer discovery may be difficult for us because we need to speak with potential students in other countries  Impact: The number of interviews we are able to conduct may decrease and the amount of planning team necessary to complete them may be longer than expected. Mitigations: We will look to lean on a network of support including alumni and other sources who can help connect us with other people around the world pursuing similar education goals. Update: we met with NGM students to assess our product development within the current curriculum (10/5). We are currently networking with people who have experience with education in other south Asian countries to generate leads for possible expansion (10/20) |
| All | Cause: New approach towards project which is less based on provided class structure and instead revolves around 5 key goals we want to accomplish Effect: Less precise assignments and coordination with the 461 curriculum.  Impact: Lack of clarity amongst team members on what needs to be accomplished each week, more emphasis on communication between our group Mitigations: With new goals and strategy in mind, working as a team to turn these broader items into actionable tasks which can be divided amongst our group based on our strengths Update: We communicate with Professor Singh and Anjana on a weekly basis to update them on what modules we are completing and what we should strive to complete. |
| AungFjona | Cause: While interviewing NGM students to inform how we would build the final version of our microexperiment, we found that students currently have more experience with U.S. pedagogy than previously thought. Effect: We would be wasting time and resources to implement something that was repetitive if we continued with our current plan. Impact: We have shifted our focus away from U.S. pedagogy implementation and now are developing something new. Mitigation: In these conversations we found that students would value extracurricular activities like student run clubs even more than new learning styles. We have since shifted our focus to creating a proposal that would allow for student-run clubs in NGM.  Update: We have built a club structure that was approved by student affairs and is being launched on 10/23 |
| AungAll | Cause: International Baccalaureate program would improve our legitimacy world wide but it would also pass on excessive costs to our students Effect: It is unlikely students can pay out of pocket for IB programs Impact: We may be able to offer IB classes but they will not actually be feasible for students to take Mitigation: We can find a way to subsidize this program or get fees waived due to the economic background of our student body |
| All | Cause: Current political climate has caused significantly less funding opportunities to be available \- especially for foreign aid Effect: It is more difficult to find funding and more competitive to get what is currently available Impact: It may not be the best time to scale NGM due to limited funding sources. Mitigation: We have decided to focus on building out our current grant proposal and also are identifying grants which used to be available but are currently shut down. We aim to apply for these grants if they re-open and also find POCs for these grants that can connect us with other opportunities that are still available. |

**Priorities**

We are working on these priorities: 

1. Build out our final presentation and incorporate it into our grant proposal  
2. Establish Zeffy donation portal to put it on our website      
3. Obtain federal UEI code in order to be eligible for federal grants  
4. Network and connect with other entrepreneurs and non-profit leaders whose insights will help draw us closer to reaching our goals.  
5. Complete 100% of assigned work on time for this week and begin to look towards next week. We want to make progress with at least 25% of our tasks before we meet again on Tuesday and 75% of our tasks before our Thursday meeting where we can wrap up loose ends.  
6. Communicate as a team in the group chat at least 3 times next week to hold each other accountable and continue making progress  
   

**Attachments**  
**[Grant-Proposal (1).pdf](https://drive.google.com/file/d/1SWlOd5HOcaUEWXEFO4hAvnrjutqE3H74/view?usp=sharing)**  
 **[NGM-Student-led-Clubs-System.pdf](https://drive.google.com/file/d/1SpSnMq9e4xdgYKPpcYWVvP_L5NUTkVxO/view?usp=sharing)**  
**[NGM External Relations & Partnership Tracker](https://docs.google.com/spreadsheets/d/1cgR6iCcuKlHTxb1AmIIveDYvPHJ8_b8wF7NfegP51d0/edit?usp=sharing)**
",4417,"**Problems**

We are aware of these problems:

| Owner (Due Date) | What |
| :---- | :---- |
| Jimmy | Cause: The current banking infrastructure in Myanmar causes difficulties importing financial data Effect: Tracking financial information is more difficult Impact: Generating and utilizing financial information is time consuming which makes it less likely it will be utilized effectively Mitigations: manual entry on a per week basis, biweekly reconciliations with the financial statements Update: We are actually able to import transactions from a CSV file that we can create with bank reports making the process much easier (10/12) |
| Aung | Cause: The time zone difference between Myanmar and the U.S. is reversed. Effect: It can be difficult to find a common meeting time, especially when other tasks are scheduled at night. Impact: Coordination and collaboration may be delayed, which could affect timely progress on tasks. Mitigations: Planning to host any interviews or meetings with the NGM team at 9pm EST Update: We met with students at 9:30PM EST which was 8:00AM for them (10/5) |
| AungJimmy | Cause: Our target customers are students in crisis stricken countries Effect: Customer discovery may be difficult for us because we need to speak with potential students in other countries  Impact: The number of interviews we are able to conduct may decrease and the amount of planning team necessary to complete them may be longer than expected. Mitigations: We will look to lean on a network of support including alumni and other sources who can help connect us with other people around the world pursuing similar education goals. Update: we met with NGM students to assess our product development within the current curriculum (10/5). We are currently networking with people who have experience with education in other south Asian countries to generate leads for possible expansion (10/20) |
| All | Cause: New approach towards project which is less based on provided class structure and instead revolves around 5 key goals we want to accomplish Effect: Less precise assignments and coordination with the 461 curriculum.  Impact: Lack of clarity amongst team members on what needs to be accomplished each week, more emphasis on communication between our group Mitigations: With new goals and strategy in mind, working as a team to turn these broader items into actionable tasks which can be divided amongst our group based on our strengths Update: We communicate with Professor Singh and Anjana on a weekly basis to update them on what modules we are completing and what we should strive to complete. |
| AungFjona | Cause: While interviewing NGM students to inform how we would build the final version of our microexperiment, we found that students currently have more experience with U.S. pedagogy than previously thought. Effect: We would be wasting time and resources to implement something that was repetitive if we continued with our current plan. Impact: We have shifted our focus away from U.S. pedagogy implementation and now are developing something new. Mitigation: In these conversations we found that students would value extracurricular activities like student run clubs even more than new learning styles. We have since shifted our focus to creating a proposal that would allow for student-run clubs in NGM.  Update: We have built a club structure that was approved by student affairs and is being launched on 10/23 |
| AungAll | Cause: International Baccalaureate program would improve our legitimacy world wide but it would also pass on excessive costs to our students Effect: It is unlikely students can pay out of pocket for IB programs Impact: We may be able to offer IB classes but they will not actually be feasible for students to take Mitigation: We can find a way to subsidize this program or get fees waived due to the economic background of our student body |
| All | Cause: Current political climate has caused significantly less funding opportunities to be available \- especially for foreign aid Effect: It is more difficult to find funding and more competitive to get what is currently available Impact: It may not be the best time to scale NGM due to limited funding sources. Mitigation: We have decided to focus on building out our current grant proposal and also are identifying grants which used to be available but are currently shut down. We aim to apply for these grants if they re-open and also find POCs for these grants that can connect us with other opportunities that are still available. |

",15.0,50.0,40.0,30.0,5.0,65.0
RSP,ResponsiPay,Responsible payment platform,"**u To:		Dr. Sheetal Singh**  
**From:	 	Brandon Sklar, Ryan Rodgers, Andrew Breza, Colin Funtleyder, Max Kaufmann**  
**Subject:		Personal Management Report \- Week ending 14 Nov, 2025**  
**Copies:		Instructor Team**  
**Key indicators**

|  | 09/2/2025 | 10/17/2025 |  |  |  | Total |
| :---- | :---: | :---: | :---: | :---: | :---: | :---: |
| Precision Execution Score | x2/y2 | x1/y1 |  |  |  | x1+x2/y1+y2=zz% |

| *Tasks* |  |  |  |  |
| ----- | :---: | :---: | :---: | ----- |
| **BMGT461** | Owner | Est/Act/Assigned | Milestone | Submitted |
| Team Formation | Ryan Rodgers |  | N/A | N/A |
| Worked on Theory of Value Deliverable Worksheet | Colin Funtleyder | 9/23 |  |  |
| Worked on Theory of Value Deliverable Worksheet | Ryan Rodgers | 9/23 | N/A | N/A |
| Worked on Theory of Value Deliverable Worksheet | Max Kaufmann | 9/23 |  |  |
| Established team business idea | Ryan Rodgers |  | N/A | N.A |
| Began Brainstorming pitfalls | Ryan Rodgers |  | N/A | N/A |
| Brainstormed ideas for out market approach | Colin Funtleyder |  |  |  |
| Research potential banking API’s | Ryan Rodgers | September 25th |  | 9/25 |
| Team Formation | Brandon Sklar | 9/15 |  | 9/20 |
| Theory of Value | Brandon Sklar |  |  | 10/2 |
| Worked on Theory of Value Deliverable Worksheet | Andrew Breza | 9/23 | 9/30 | 10/2 |
| Research documented issues | Andrew Breza | 9/25 | 10/41 | 10/6 |
| Make the diagram  | Brandon Sklar | 9/26 |  |  |
| Write one pager | Colin Funtleyder | 9/26 |  | Done |
| Experimentation and Learning Reflection | Colin Funtleyder | 10/2 |  |  |
| **WEEK 5** |  |  |  |  |
| Create git repo for app | RR | 9/29 | 9/30 | 10/13 |
| Determine languages | RR | 9/29 | 10/2 | 10/2 |
| Research potential APIs | RR | 9/29 | 10/2 | 10/13 |
| Micro Experiment Plan | RR | 9/29 | 10/2 | 10/2 |
| Research transfer licenses | RR | 9/29 | 10/2 | 10/13 |
| Create base platform | RR | 9/29 | 10/2 | 10/7 |
| Customer Discovery Pre Assignment | CF | 10/8  | 10/9 |  |
| Customer Discovery Post Assignment | CF | 10/8 | 10/9 |  |
| Customer Interview summaries | CF | 10/8 | 10/9 |  |
| **Week 7** |  |  |  |  |
| Developed frontend replicas | RR | 10/10 | 10/17 | 10/17 |
| Environmental tests through local host | RR | 10/10 | 10/17 | 10/17 |
| Developed Dashboard plan | RR | 10/10 | 10/17 | 10/17 |
| Look into pitch dingman | RR | 10/10 | 10/17 | 10/17 |
| MVP Demo | All | 10/10 | 10/17 | 10/17 |
| Pitchdeck presentation Creation | All | 10/10 | 10/17 | 10/17 |
| Created responsipay logo | RR | 10/10 | 10/17 | 10/17 |
| Mapped features to painpoints | RR | 10/10 | 10/17 | 10/17 |
| Derived strong problem statement for investor purposes  | RR | 10/10 | 10/17 | 10/17 |
| Created responsipay logo | CF | 10/15 | 10/15 | 10/15 |
| Developed slide deck for pitch | CF | 10/15 |  |  |
| Helped develop MVP and ideas associated with it | CF | 10/15 |  |  |
| Helped research customer discovery | Brandon | 10/10 | 10/12 | 10/16 |
| Completed interviews and thoughts | Brandon & Andrew | 10/7 | 10/10 | 10/16 |
| MVP Assignment | Colin Funtleyder | 10/23 | 10/24 | 10/24 |
| Showcased idea to the class | All | 10/21 |  |  |
| Week 9 Reading Reflection | Colin Funtleyder | 10/30 | N/A | 10/30 |
|  Weekly Reflections | Colin Funtleyder | 10/30 | N/A | 10/30 |
| **Week 8** |  |  |  |  |
| Commercial design  | all |  |  |  |
| **Week 9** |  |  |  |  |
| Commercial | all | 10/21 | 10/21 | 10/21 |
| Weekly reflections | RR | 10/30 | 10/30 | 10/30 |
| Weekly Quiz | RR | 10/30 | 10/30 | 10/30 |
| Begin collecting customers | RR | 10/28 |  | 10/30 |
| Create startup page | RR | 10/30 |  | 11/30 |
| Create pre-user sign up landing | RR | 10.30 |  |  |
| **Week 10** |  |  |  |  |
| Make connection for legal issues | All | 10/30 |  | 11/7 |
| Comparison companies research | CF | 11/6 |  | 11/7 |
| **Week 11** |  |  |  |  |
| **Familiarize with business partnership structure** | Ryan Rodgers | 11/14 |  | 11/15 |
| **Week 12** |  |  |  |  |
| **Develop minimum compliance requirements plan** | **Ryan Rodgers** | **11/25** |  | 11/30 |
| **Week 13** |  |  |  |  |
| **Reach out to Mike Hoffmeyer** | **Ryan Rodgers** | **11/30** |  | 11/30 |
| **Interview Mike** | **Ryan Rodgers** | **11/30** |  |  |
| **Pull together team members resources to properly reflect our progress**  | **Ryan Rodgers** | **11/30** |  |  |
| **Complete restructure of MR** | **Ryan Rodgers** | **11/30** | **11/30** |  |
| **Organized team meeting to finish final deliverable** | **Andrew Breza** | **12/5** | **12/9** | 12/9 |
| **Presented our final deliverable to the class** | **all** | **12/9** | **12/9** | 12/9 |

**Progress**

*Record anything you've done here. As appropriate, update the project table above.*

During this reporting period, we accomplished these tasks: 

| Who | What |
| ----- | ----- |
| All of us | Theory of Value Deliverable Worksheet \- not done, will be by Friday |
| All of us | Experimentation and Learning Worksheet |
| RR | Created git repo |
| All of us | Micro Experiment Plan |
| RR | Narrowed down APIs |
| RR | Established potential Transfer license work arounds |
| CF | Being figuring out costs of start up  |
| RR | Began testing potential layouts for both web and app MVP approach |
| CF | Discuss Venture with family (Fall Break) |
| RR | Determined to take a crowd funding and investor approach to make necessary progress towards licensing |
| CF | Talked to many friends and peers about their thoughts on the viability of our app and took down suggestions \- might add some features that they suggested |
| CF | Although I have less technical experience in app development, I helped Ryan through the process of the MVP and contributed meaningful ideas. |
| CF | Marketing development for the product |
| BS | Commercial work |
| CF | Recorded our commercial \- excited to see the final product |
| RR | Reached out to Mike Hoffmeyer |
| RR | Reorganized attachment portion of MR |
| RR | Created interview plan for legal concerns |
| RR | Draft pre sign up page |
| AB | Conducted  interview |
| AB | Researched market pain points, areas for growth |
| AB | Edited & fact checked every submission |
| AB  | Fixed formatting & added images for presentations |

**Plans**

During the next week, we plan to finish these tasks:

| Who | What |
| ----- | ----- |
| Ryan Rodgers | Research potential backend secure bank transfer API’s |
| Ryan Rodgers | Research potential competition and failed attempts |
| Ryan Rodgers | Research potential businesses that could partner/adopt our app |
| Colin Funtleyder | Research on the market and potential audience for our app |
| Colin Funtleyder | Make a survey to gauge the problem |
| Andrew Breza | Research documented issues with competitors (Venmo, Cashapp) amongst our target audience |
| Brandon Sklar | Research common issues with venmo |
| Brandon Sklar | Research common questions people have with venmo |
| Colin Funtleyder | Customer discovery assignment \- early next week |
| BS | Get commercial going |
| All of us | Create a survey and distribute it around campus in order to gauge interest (courtesy of experimentation and learning) |
| Colin Funtleyder | Analyze data from the survey and pass it on to groupmates for more action (courtesy of experimentation and learning) |
| RR | Share repo with dev team |
| RR | Settle on useful API’s we wish to include in prototype |
| RR | Utilize agile methodology for dev team tasking |
| RR | Begin with front end |
| RR | Ensure others have access to platform |
| CF | Conduct more interviews, even passed the assignment |
| CF | Discuss Venture with family (Fall Break) |
| BS | Go over common themes from interviews  |
| CF | I am going to introduce the prototype to my friends and see what they think. If they like the idea/prototype, I am going to ask if they can help spread the word and use our payment system with other friends and family. |
| CF | Finalize commercial clips |
| All | Connection with somebody in the smith school who has solved our current legal issue in th past |
| All |  |
| RR | create a plan to pull real world test data to prove our features  |
| RR | Interview Mike Hoffmeyer |
| RR  | restructure MR |
| RR | Pull together all team progress into centralized MR attachment section |
| RR | Start drafting our pitch |
| AB | Conduct interview |
| AB | Research market pain points, areas for growth |
| AB | Edit & fact check every submission |
| AB  | Fix formatting & add images for presentations |

​	 

**Problems**

We are aware of these problems:

| Owner (Due Date) | What |
| :---- | :---- |
| All  | This web/banking feature will have a harsh barrier to entry with apps like venmo and cashapp |
| All | We are aware that we might need to partner with another platform to enforce our payment platform in the early stages |
| All | We are aware of some of the logistics that involve creating a prototype may be challenging |
| RR | We have determined that our MVP can not use real funds without a license |
| RR | Surveying the actual product will be a challenge but we can at least get feedback on the idea and problem |
| CF | Scaling this operation involves a lot of time trying to get on the app store |
| All | We are going to have to use 3rd party payment systems at first, we will not want this in our final product |
| RR | Time constraints: the development and integration of regulatory compliance will not be feasible in this class. |
| RR | Translation of barriers: Our team has successfully identified and established ways to overcome barriers to entry on the legal side, but these identifications do not easily translate to solutions. We must ensure that we showcase our understanding of these barriers so that we can get the necessary support instead of solving them individually like less regulatory niches. |
| RR | Organization: Our team has been doing lots of individual work, but we have struggled to keep our findings organized. This has negatively impacted our synchronization. |
| AB | All four of us were extremely busy outside the classroom this semester, and therefore often did not find time to sit down outside of class to work together on deliverables. However, we communicated very well in our chat and all found time to each contribute to each deliverable and we always made sure somebody from the group submitted it on time.  |

**Priorities**

We are working on these priorities:

1. We are working on creating a plan to pull real world test data to prove our features  
2. We would like to begin drafting our pitch deck for obtaining key partners  
3. We would like to combine our research and development into a visualization to better communicate and differentiate our design  
4. Pull together team resources for better efficiency and for better logging. This will allow us to use our past progress to its full advantage.  
5. Meeting with Mike to discuss further legal issues. Want to get his first-hand experience and perspective. 

Something we’ll always remember: getting called a future billion dollar venture

**Attachments**

**Github Link (Development team RR and MK) \- [https://github.com/RyanR200/Resonsipay](https://github.com/RyanR200/Resonsipay)**

**Product Demonstration pitch \- [https://docs.google.com/presentation/d/1LZA4CFcoxuvWW4GDhUmufBFXyP6eVnaoX4EiyYXOd\_c/edit?usp=sharing](https://docs.google.com/presentation/d/1LZA4CFcoxuvWW4GDhUmufBFXyP6eVnaoX4EiyYXOd_c/edit?usp=sharing)**

**Customer Surverys \-  [https://docs.google.com/document/d/1rLMzbzQ0OHvqdoPyhIl91nx\_\_-71Eyny8LD8k0kXEkI/edit?usp=sharing](https://docs.google.com/document/d/1rLMzbzQ0OHvqdoPyhIl91nx__-71Eyny8LD8k0kXEkI/edit?usp=sharing)**

**Micro Experiment link \- [https://docs.google.com/document/d/1xcUwBqgp0rAswqehhCtZJ0e-3eWSdEcjqZu54wDOnQY/edit?usp=sharing](https://docs.google.com/document/d/1xcUwBqgp0rAswqehhCtZJ0e-3eWSdEcjqZu54wDOnQY/edit?usp=sharing)**

**Resources involving licensing \-** 

**Resources involving marketing-** 

[**https://docs.google.com/document/d/1ZhBQmJ1bVUTj8cX7skXN3EL0VEZSAaaCtUUBqeG-h1w/edit?tab=t.0**](https://docs.google.com/document/d/1ZhBQmJ1bVUTj8cX7skXN3EL0VEZSAaaCtUUBqeG-h1w/edit?tab=t.0)

**Mike Hoffmeyer Interview-**  
[**https://docs.google.com/document/d/1rouh01J7NzsEOf6NG78TkGN1JuiwNpit3lFiQ\_70clQ/edit?usp=sharing**](https://docs.google.com/document/d/1rouh01J7NzsEOf6NG78TkGN1JuiwNpit3lFiQ_70clQ/edit?usp=sharing)

**Pre-user sign up template:**  
[**https://docs.google.com/presentation/d/10wRXz1S1OAgiyzHuhPzYiUtcuy0-pcCOwaj--mSArdo/edit?usp=sharing**](https://docs.google.com/presentation/d/10wRXz1S1OAgiyzHuhPzYiUtcuy0-pcCOwaj--mSArdo/edit?usp=sharing)

**Communications:**   
[**https://docs.google.com/presentation/d/1KRZrTmvL95pUFyB6jlPmxvWUdEsF5xkHRop6jgGc0tI/edit?usp=sharing**](https://docs.google.com/presentation/d/1KRZrTmvL95pUFyB6jlPmxvWUdEsF5xkHRop6jgGc0tI/edit?usp=sharing)

**Legal Notes and resources:**  
[**https://docs.google.com/presentation/d/1jrsq4CkNUMzY5tSvaDGh4CtYGTz0240bMKhPFdyi0WA/edit?usp=sharing、 ",2229,"**Problems**

We are aware of these problems:

| Owner (Due Date) | What |
| :---- | :---- |
| All  | This web/banking feature will have a harsh barrier to entry with apps like venmo and cashapp |
| All | We are aware that we might need to partner with another platform to enforce our payment platform in the early stages |
| All | We are aware of some of the logistics that involve creating a prototype may be challenging |
| RR | We have determined that our MVP can not use real funds without a license |
| RR | Surveying the actual product will be a challenge but we can at least get feedback on the idea and problem |
| CF | Scaling this operation involves a lot of time trying to get on the app store |
| All | We are going to have to use 3rd party payment systems at first, we will not want this in our final product |
| RR | Time constraints: the development and integration of regulatory compliance will not be feasible in this class. |
| RR | Translation of barriers: Our team has successfully identified and established ways to overcome barriers to entry on the legal side, but these identifications do not easily translate to solutions. We must ensure that we showcase our understanding of these barriers so that we can get the necessary support instead of solving them individually like less regulatory niches. |
| RR | Organization: Our team has been doing lots of individual work, but we have struggled to keep our findings organized. This has negatively impacted our synchronization. |
| AB | All four of us were extremely busy outside the classroom this semester, and therefore often did not find time to sit down outside of class to work together on deliverables. However, we communicated very well in our chat and all found time to each contribute to each deliverable and we always made sure somebody from the group submitted it on time.  |

",25.0,40.0,55.0,20.0,10.0,75.0
T06,Team 6 - Friendly,Friendly - Scheduling app,"**To:	 	Sheetal Singh**   
**From:	 	Team 6**   
**Subject:	 	TeamManagement Report \- Week ending 11/7**  
**Copies: 		Instructor Team**  
**Key indicators**

|                           | 9/19/2025  | 9/26/2025  | 10/03/2025 | 10/10/2025 | 10/17/2025 | 10/24/2025 | 10/31/2025 | 11/07/2025 | 11/14/2025 |  11/21   |  12/01   |  12/05   |   Total   |
| :------------------------ | :--------: | :--------: | :--------: | :--------: | :--------: | :--------: | :--------- | ---------- | :--------: | :------: | :------: | :------: | :-------: |
| Precision Execution Score | 10/10 100% | 10/10 100% | 15/18 83%  |  5/5 100%  |  9/9 100%  |  8/8 100%  | 8/7 87%    | 5/8 62%    |  8/8 100%  | 7/7 100% | 2/2 100% | 6/6 100% | 43/46 92% |

| *Tasks*                                                      |                       |                  |           |                  |
| ------------------------------------------------------------ | --------------------- | :--------------: | --------- | ---------------- |
| **\[Course or Activity\]:Task**                              | Owner                 | Est/Act/Assigned | Milestone | Submitted        |
| Individual Idea Pitch \- BMGT 461                            | LM                    |       9/15       | 9/15      | Yes              |
| Individual Idea Pitch- BMGT 461                              | JM                    |       9/15       | 9/15      | Yes              |
| Individual Idea Pitch \-BMGT461                              | SQ                    |       9/15       | 9/15      | Yes              |
| Individual Idea Pitch- BMGT 461                              | OK                    |       9/15       | 9/15      | Yes              |
| Individual Idea Pitch- BMGT 461                              | CB                    |       9/15       | 9/15      | Yes              |
| Team formation- BMGT 461                                     | All                   |       9/22       | 9/20      | Yes              |
| Theories of Value 461- BMGT 461                              | All                   |       9/22       | 9/26      | Yes              |
| Week 4 MR Report \- BMGT 461                                 | All                   |       9/22       | 9/26      | Yes              |
| Week 4 MR Report  Comments- BMGT 461                         | All                   |       9/22       | 9/26      | Yes              |
| Week 4 Reflections \- BMGT 461                               | All                   |       9/22       | 9/26      | Yes              |
| Week 4 MR Comments BMGT 461                                  | All                   |       9/26       | 9/28      | Yes              |
| Experimentation & Learning Micro-Experiment Plan \- BMGT 461 | All                   |       9/28       | 10/3      |                  |
| Experimentation & Learning Quiz- BMGT 461                    | All                   |       9/28       | 10/3      | Yes              |
| Experimentation & Learning Reflection \- BMGT 461            | All                   |       9/28       | 10/3      | Yes              |
| Week 5 Survey \- BMGT461                                     | All                   |       9/28       | 10/3      | Yes              |
| Week 5 Reflection 1 \- BMGT461                               | All                   |       9/28       | 10/3      | Yes              |
| Week 5 Reflection 2 \- BMGT461                               | All                   |       9/28       | 10/3      | Yes              |
| Week 5 Reflection 3 \- BMGT461                               | All                   |       9/28       | 10/3      | Yes              |
| Customer Discovery & Validation Pre-Assignment Reflection \-BMGT 461 | All                   |       9/30       | 10/7      | Yes              |
| Customer Discovery & Validation Quiz- BMGT 461               | All                   |       9/30       | 10/7      | Yes              |
| Comment on Week 5 MRs \- BMGT 461                            | All                   |       9/30       | 10/7      | Yes              |
| Mom Test Quiz \- BMGT461                                     | All                   |       9/30       | 10/7      | Yes              |
| Customer Discovery Interview Summaries (≥5) \- BMGT 461      | All                   |       9/30       | 10/10     | Yes              |
| Use customer discovery data to decide on the exact features we need for our app to be the most successful \-BMGT 461 | All                   |       10/2       | 10/7      | Yes              |
| Customer Discovery & Validation Post-Assignment Reflection Memo \-BMGT 461 | All                   |       9/30       | 10/10     | Yes              |
| Week 6: Comment on Week 5 MRs \- BMGT461                     | All                   |       9/30       | 10/5      | Yes              |
| Week 6 Reflection 1 \- BMGT461                               | All                   |       9/30       | 10/10     | Yes              |
| Week 6 Reflection 2 \- BMGT 461                              | All                   |       9/30       | 10/10     | Yes              |
| Week 6 Reflection 3 \- BMGT 461                              | All                   |       9/30       | 10/10     | Yes              |
| Week 6 MR Report \-BMGT 461                                  | JM                    |       9/30       | 10/10     | Yes              |
| Week 6 Survey \- BMGT 461                                    | OK, JM, LM,CB,SQ      |       9/30       | 10/10     | Yes              |
| Week 7: Comment on Week 6 MRs- BMGT461                       | JM                    |      10/03       | 10/12     | yes              |
| Product Development \- Reflection- BMGT461                   | OK                    |      10/03       | 10/17     | yes              |
| Product Development and Marketing Integration \- Quiz- BMGT461 | CB                    |      10/03       | 10/17     | yes              |
| Product Development \- Report \- BMGT461                     | OK                    |      10/03       | 10/17     | Yes              |
| Week 7 Survey- BMGT461                                       | LM                    |      10/03       | 10/17     | Yes              |
| Week 7 Reflection 1- BMGT461                                 | SQ                    |      10/03       | 10/17     | Yes              |
| Week 7 Reflection 2- BMGT461                                 | SQ                    |      10/03       | 10/17     | Yes              |
| Week 7 Reflection 3- BGMT461                                 | LM                    |      10/03       | 10/1 7    | Yes              |
| Week 7 MR Report- BMGT461                                    | LM                    |      10/03       | 10/17     | Yes              |
| Week 8: Comment on Week 7 MRs-  BMGT461                      | NC                    |      10/16       | 10/19     | Yes              |
| MVP – Minimum Viable Product Quiz- BMGT461                   | NC                    |      10/16       | 10/24     | Yes              |
| Create an MVP- BMGT461                                       | JM                    |      10/16       | 10/24     | Yes              |
| Week 8 Survey- BMGT461                                       | JM                    |      10/16       | 10/24     | Yes              |
| Week 8 Reflection 1- BMGT461                                 | CB                    |      10/16       | 10/24     | Yes              |
| Week 8 Reflection 2- BMGT461                                 | CB                    |      10/16       | 10/24     | Yes              |
| Week 8 Reflection 3- BMGT461                                 | OK                    |      10/16       | 10/24     | Yes              |
| Week 8 MR Report- BMGT461                                    | OK                    |      10/16       | 10/24     | Yes              |
| Week 9 comment in week 8 MRs                                 | OK                    |      10/21       | 10/26     | YES              |
| Week 9 Reflection 1 BMGT 461                                 | CB                    |      10/21       | 10/31     | Yes              |
| Week 9 Reflection 2 BMGT 461                                 | JM                    |      10/21       | 10/31     | Yes              |
| Week 9 Reflection 3 BMGT 461                                 | LM                    |      10/21       | 10/31     | Yes              |
| Launch and Marketing                                         | SQ                    |      10/21       | 10/31     | Yes              |
| Week 9 Reflection on readings  BMGT 461                      | NC                    |      10/21       | 10/31     | Yes              |
| Team Assignments \-Commercials  BMGT 461                     | JM                    |      10/21       | 10/31     | Yes              |
| Week 9 Survey \- BMGT 461                                    | OK                    |      10/21       | 10/31     | Yes              |
| Week 9 MR report- BMGT 461                                   | LM                    |      10/21       | 10/31     | Yes              |
| Comment on Week 9 MR Reports; BMGT461                        | CB                    |      10/21       | 11/2      | Yes              |
| Legal Issues: BMGT461                                        | JM                    |      10/21       | 11/7      | skipped          |
| Quiz                                                         | Legal Issues: BMGT461 |        LM        | 10/21     | 11/7             |
| Week 10 Survey: BMGT461                                      | SQ                    |      10/21       | 11/7      | Yes              |
| Week 10 Reflection 1: BMGT461                                | CB                    |      10/21       | 11/7      | Yes              |
| Week 10 Reflection 2: BMGT461                                | NC                    |      10/21       | 11/7      | Yes              |
| Week 10 Reflection 3: BMGT461                                | LM                    |      10/21       | 11/7      | Yes              |
| Week 10 MR Report: BMGT461                                   | OK                    |      10/21       | 11/7      | Yes              |
| Week 10 : BMGT 461 \- Presentation and Launching             | OK                    |      10/31       | 11/7      | Yes              |
| Week 11: Comment on Week 10 MRs: BMGT461                     | NC                    |       11/2       | 11/9      | Yes              |
| Networking & Referrals Quiz: BMGT461                         | LM                    |       11/2       | 11/11     | Yes              |
| Strategies to find Partners, Advisors, and Customers: BMGT461 | JM                    |       11/2       | 11/14     | Yes              |
| Week 11 Survey: BMGT461                                      | SQ                    |       11/2       | 11/14     | yes              |
| Week 11 Reflection 1: BMGT461                                | CB                    |       11/2       | 11/14     | yes              |
| Week 11 Reflection 2: BMGT461                                | CB                    |       11/2       | 11/14     | yes              |
| Week 11 Reflection 3: BMGT461                                | LM                    |       11/2       | 11/14     | yes              |
| Week 11 MR Report: BMGT461                                   | OK                    |       11/2       | 11/14     | yes              |
| Week 12: Comment on Week 11 MRs: BMGT461                     | OK                    |       11/7       | 11/16     | Yes              |
| Create Your Own Module: BMGT461                              | JM                    |       11/7       | 11/21     | Yes              |
| Week 12 Survey: BMGT461                                      | CB                    |       11/7       | 11/21     | yes              |
| Week 12 Reflection 1: BMGT461                                | LM                    |       11/7       | 11/21     | yes              |
| Week 12 Reflection 2: BMGT461                                | SQ                    |       11/7       | 11/21     | yes              |
| Week 12 Reflection 3: BMGT461                                | NC                    |       11/7       | 11/21     | yes              |
| Week 12 MR Report: BMGT461                                   | LM                    |       11/7       | 11/21     | yes              |
| Week 13 Survey ; BMGT 461                                    | JM                    |      11/17       | 11/21     | yes              |
| Week 13 Reflection 1: BMGT461                                | SQ                    |      11/17       | 11/21     | Yes              |
| Week 13 Reflection 2: BMGT461                                | OK                    |      11/17       | 11/21     | Yes              |
| Week 13  Reflection 3: BMGT461                               | LM                    |      11/17       | 11/21     | Yes              |
| Week 13 MR Report: BMGT461                                   | JM                    |      11/21       | 11/21     | Yes              |
| Week 14:Comment on week 13 MR report                         | OK                    |      11/21       | 11/21     | Yes              |
| Week 14:Reflection 1:BMGT461                                 | JM                    |      12/04       | 12/05     | Pending by 12/05 |
| Week 14 Reflection 2 :BMGT 461                               | LM                    |      12/04       | 12/05     | Pending by 12/05 |
| Week 14 Reflection 3 :BMGT 461                               | CB                    |      12/04       | 12/05     | Pending by 12/05 |
| Week 14 Survey : BMGT461                                     | NC                    |      12/04       | 12/05     | Pending by 12/05 |
| Final Pitch Deck :BMGT461                                    | OK                    |      12/04       | 12/05     | Pending by 12/05 |
| Week 14: Comment on week 14 MR Report                        | SQ                    |      12/04       | 12/05     | Pending by 12/05 |
| Week 15: MR Report                                           | CB                    |      12/05       | 12/05     | 12/05            |
| Creating final desk for presentation                         | All                   |      12/05       | 12/07     | Pending          |

**Progress**

During this reporting period, we accomplished these tasks: 

| Who                           | What                                                         |
| :---------------------------- | :----------------------------------------------------------- |
| All group members 9/25        | For this report, our group divided tasks as follows: **Carly and Nyla** focused on the experimentation planning, while **Logan, Jenn, and Schanze** worked on the details of the report itself. I contributed by writing the **reflection** and the **progress section.** |
| Fikun & Logan 9/26            | During class discussions, we brainstormed and tested our idea on the **Lovable platform**. We asked a few exploratory questions about our concept and found that it does have potential; however, we also realized we need to be more specific in defining and narrowing the idea. At this stage, instead of rushing to build the app, our focus has been on clearly understanding the process and validating that it makes sense. |
| Nyla 10/2                     | Went through and completed the Experimentation & Learning Module. We all completed the quiz in class and had a better understanding of the module after the class discussion of ideas. |
| Carly 10/2                    | We developed a testable hypothesis and outlined a one-week micro-experiment to measure whether our scheduling app improves satisfaction and reduces time spent managing commitments. The plan specifies our target population, random assignment into treatment and control groups, and key metrics such as time saved, stress reduction, and satisfaction levels. This progress ensures we are validating our idea’s value before focusing on full app development. |
| Schanze 10/2                  | Started to test out working on the Lovable AI and test prompting it to see the different capabilities of the AI engine, in order to get a better idea of how we can use it to build our app. Started thinking about the different functionalities we want our app to have and how it will collect information from users to use in the app. |
| Jennifer 10/2                 | Discussed as a group if we want to continue to only target young adults or if we should branch out to different customer demographics. Instead of only focusing on young adults should we also do professionals in any group or high schoolers as well? We also discussed how we would attract users to actually get on our app. |
| LM 10/7                       | Conducted different mock interviews in class where we asked one of our classmates (or potential customers) questions that would help us get a better sense of what our target customer is looking for when it comes to scheduling their social plans. We took notes and did a voice recording to help us reflect on her answers and use them to cater to our customer’s needs moving forward. |
| NC & SQ 10/8                  | Each of us will conduct two interviews outside of class in order to collect more customer data from different customer profiles for better customization and personalization of the app. |
| CB  10/10                     | We explored their behaviors, frustrations, and preferences related to scheduling and organization in trying to coordinate times to get together. |
| JM  10/17                     | Exploring product development and consulting the interviews that we have conducted to make changes and alter the product we already have.  Individually each person has shared with the team what they contributed from the interviews and how that can help/hurt our future processes.   While working on customization of our app , the lovable platform requires us to subscribe and we are deciding if we are moving forward with that particular platform. |
| OK  10/17                     | Contributed to the product development report and reflection. Fikun and Carly worked on the reflection . Logan and Jennifer worked mostly on the product development report . Nyla and Schanze asked questions about the product demo and provided insights into customization. |
| LM & SQ 10/23                 | Worked on Step 1 and Step 2 of the “Create an MVP” assignment, where the Theory of Value was discussed again, and successfully highlighted the core feature of our app and also identified how we plan to measure success for the app. |
| JM & LM 10/23                 | Shared sign up link form our app to potential customers and each one of them signed up. We collected feedback from their user experience and overall feedback was good, people seemed to like the design of the app and the simplicity of it. |
| LM & OK 10/23                 | Created a different output using our lovable ai platform . This design was shown in class as our product demo .We are now testing our prototype with the general public for reviews and feedback |
| LM, OK, JM, NC, CB, SQ  10/30 | [https://shared-shaper.lovable.app](https://shared-shaper.lovable.app) \- created a commercial to market our app to young adults (Gen Z specifically). This commercial is meant to be quick and easily digestible in order to maintain the attention spans of people who are frequently online and more importantly, peak their interest. |
| LM, OK, JM, NC, CB, SQ 10/30  | Bought the extra credits we needed for us to continue being able to use Lovable ai to build our app with more intricate details and a stronger foundation. We are doing this instead of selling baked goods at Terp marketplace because that event seemed somewhat unreliable and far away, we needed to continue working now. |
| LM, OK, JM, NC, CB, SQ 10/30  | Decided on *Friendly* as the name of our app, because it’s short, memorable, and encompasses what our app is and how we want it to come across to our customers. |
| OK , LM , NC, CB , JM 11/4    | Made the commercial using our tools for our app, presented to the class and received valuable feedback (slow it down, change background sound, make some words larger, etc.). The next thing would be to advertise our app on social media platforms. |
| LM, OK, JM, NC, CB, SQ 11/7   | Spent the week working on a marketing campaign rather than moving into the legal module. We decided to do this because we felt like we needed to allocate more time to not only working on the commercial but also to tell more people about our app, so that we can use them for beta testing. |
| OK,LM , JM NC,CB,SQ 11/14     | Skipped the legal issues module because we wanted to focus more on app development and Beta Testing |
| OK,LM , JM NC,CB,SQ 11/14     | Brainstormed who we could reach out to in our network, or outside our network that could add value or help with our venture. We evaluated who could offer mentorship, warm introductions, technical insight, or early customer feedback, and prioritized individuals who align with Friendly’s mission and needs at this stage.” |
| OK , JM , LM, SQ, NC 11/21    | We started working on the create your own module and one thing that we focused on was enhancing user experience. On the Lovable AI was improving the AI suggestions , we needed to add pictures and more details for the activity sections. |
| OK , JM ,LM, SQ, NC 11/21     | We have made so much progress with ‘Friendly’ . We have a tutorial page , commercial video  and activities organized by categories : ‘calm, yoga , coffee’ etc..  The theme is much more easy on the eye and organized than how it was at the beginning. Getting our first sale was such a big achievement for us . |
| OK , JM ,LM,NC,SQ,CB 12/02    | We met on zoom and discussed how we are going to move forward with the pitch deck since a majority of us  have finals in the next couple of days. Every other thing has been going well , in terms of changes  made and suggestions offered from the professor as well as the classmates. |
| LM,OK,JM 12/02                | Changes are still being made to Friendly . It is definitely getting updated each time we have new information or feedback. |
| OK,J 12/4                     | Started working on the pitch deck on canva website  . I was able to find some examples and match them to the rubric posted on elms . |
| CB 12/05                      | Working on the final pitch deck. Working with the whole team to make a final deck to show the class and wrap up the semester. |

 

**Plans**

During the next week, we plan to finish these tasks:

| Who (Date)                    | What                                                         |
| :---------------------------- | :----------------------------------------------------------- |
| Carly/ All (10/3)             | Finish all course work due by 10/3 such as the next module for BMGT 461 and watch class videos explaining the course for better action. |
| Fikun& Jennifer (10/3)        | Next week we’ll focus on customer discovery to gather insights that guide our projects direction by making survey questions. We will start by conducting interviews and surveys with college students and early-career professionals to gather insights into their scheduling habits, challenges, and frustrations. Next, we plan to observe how a small group of users currently organize their weeks using tools like Google Calendar, paper planners, or reminder apps. This will help us see pain points in action. |
| Logan (10/7)                  | Develop a detailed plan that indicates exactly what features we want our app to have: layout, scripts, number of people you are allowed to add to your schedule, smart activity suggestions (AI component), |
| Schanze (10/7)                | Looking ahead to customer discovery, we plan to come up with general consumer insight survey questions that will reveal what our target audience feels about the problems we plan to tackle. We plan to distribute this survey throughout our own networks. |
| Logan and Nyla (10/10)        | We will start using a digital planner like google calendar for the rest of the semester to put ourselves in the shoes of our potential customer and see what features already exist, and what needs have yet to be satisfied. |
| Fikun & Jennifer (10/10)      | Next week, we will dive into product development where we will start to test out different logistics for the app. We can first start off by focusing on what user input we want to gather when someone newly joins the app and what the different options will result in. Also figure out how to add in the customization piece for users, so that everyone can personalize the app.  We also plan on thoroughly looking through all interviews to note patterns in the responses and gather the main ideas in order to figure out how each component of the app will address the different pain points. |
| Carly (10/10)                 | Interviewing friends and connections on LinkedIn to gain market research and an understanding of our product. After conducting two interviews understanding how to curate more interviews to gain better knowledge. |
| All group members (10/17)     | Our plan is to define additional demo features and app functionality to improve the overall design and usability of our product. First we will conduct an internal review of what we currently have to identify gaps or missing functionalities. We will also collect insights from potential users to understand which features they find most valuable and which areas need improvement. |
| Fikun and Logan (10/17)       | Work on a better customization prompt for the app.  It is necessary to also come up with a name to call the app now that we are in the product development phase.. |
| Jennifer and Schanze (10/17)  | Work on spreading awareness of the app , collecting more feedback , suggestions , and other possible target markets . |
| Nyla and Carly  (10/17)       | Read class modules to be better prepared in class . Checking emails more frequently for updates and announcements from class and communicating with the whole team in the group chat. |
| All group members (10/24)     | We are going to register for Terp Marketplace, and plan to sell homemade desserts to collect some money that we can use in the development of our app. |
| JM  (10/26)                   | Start looking into next week's module (Launch) because it seems like it's going to be a heavy load of work. We want to stay on track of everything and be timely with the completion of our assignments but still prioritize fully utilizing the modules we are working on.  Should also start brainingstorming for our commercial and how we want to make it unique and appeal to our potential customers. |
| OK 10/26                      | Figure out how to use and share lovable to the team without it starting over. This is to get ready for our launch and first sale module |
| SQ, CB , NC 10/26             | Join Logan at the Terp Marketplace to sell cookies for our fundraiser.This is to help out with paying the subscription we might need for Lovable as well as any part of our launching that funds might be needed . |
| LM, OK, JM, NC, CB, SQ  10/31 | Use our credits wisely to continue building our app (the initial front page, the ai integration with activity suggestions, short how-to-use guide, etc.) so that we can feel comfortable sharing it with others in about two weeks from now. |
| Logan 10/31                   | Figure out how to share links generated from Lovable ai that actually work so that there is no problem when others try to view links shared with them |
| LM, OK, JM, NC, CB, SQ 10/31  | Stop being so focused on class modules as much as we are with the direction and specific needs of our product |
| JM 10/31                      | Shift focus to next week's module of legal issues while still continuing working on the marketing campaign of the app, and make changes to the marketing if necessary, while still collecting feedback from the people we have shared the app with. |
| OK 10/31                      | Customize our app some more . Now that we have more credits , it is easier to make changes when we need to . The app is coming together well , few adjustments needed, |
| LM, NC, OK, SQ, CB, JM 11/7   | Wrap up the finishing touches of our app and get our first customer to sign up. Doing BETA testing to allow first testing and sale after the launch occurs. |
| NC,CB,SQ 11/7                 | Work on a different module for the class ,explore readings on networking and referrals. |
| LM, OK, JM 11/7               | We want to start working on the next module, but still focusing on BETA testing in order to get first sale. |
| LM, NC, JM, SQ, OK, CB 11/14  | We changed the font for Friendly and added a cute little heart icon next to it which can be found below in attachments. We also troubleshooted some features within the app. |
| LM 11/14                      | The platform now has separated features ranging from AI suggestions, calendar, friend requests, and settings. This will make it easier for our users to navigate through the app. It also has a tutorial embedded that explains how each of the features work and what their purposes are. The calendar also displays the entire month instead of just the week, and when you click on a day of the month it gives you options of “free time, me time, and busy” which makes it easier to use. Image displaying this is below in attachments. |
| LM, OK, CB, SQ, JM, NC 11/14  | Got our first sale\! Screenshot is below in attachments. We sent them an email invite. |
| LM, OK, JM, SQ, NC, CB 11/21  | Over Thanksgiving break, we want to tell our friends and family about our business idea and all the progress we have made. This time could be used to gather more feedback and thoughts on everything we have done so far, and it could also help expand our network of who we could use as a resource and reach out to. |
| LM, OK, JM, SQ, NC, CB 12/01  | Taking the insight we gained from Thanksgiving break with family and friends to change our advertising as we got feedback. In addition, getting the interested customers registered for the app.  Reviewing any customer feedback we have received and continuing to spread the word about the app. |
| OK,JM,LM,SQ,CB,NC  12/08      | We definitely plan on working on the pitch deck. To go more in detail , we can use a template from canva to make the presentation. It can also be a way for us to reflect on our journey on how far we have come and what the future holds for our business idea. |
| OK,JM,LM,NC,SQ,CB 12/04       | Based on the presentation today by other class mates, we have gotten a sense of how the pitch should go. Now we need to make additional tweaks to some ideas we had in terms of numbers , more logic etc.. |
| OK, JM, LM ,CB,NC,SQ 12/04    | Finding a way to incorporate images and proof of our prototype app as well as feedback from our sources to make our points stronger. |

**Problems**

We are aware of these problems:

| Owner (Due Date)                   | What                                                         |
| :--------------------------------- | :----------------------------------------------------------- |
| Carly                              | Struggling to become aware of the clear issues our project is facing  Mitigation \- Hold a short team meeting to clarify project priorities and review feedback to better identify key issues |
| Fikun                              | Underestimated how specific and in depth  we have to be regarding our idea, how and what it satisfies. Mitigation-Refine the project’s value proposition by clearly defining what problem the app solves and for whom |
| Jennifer                           | Very overwhelmed with some of the assignments, everything is not super clear.  Mitigation \- Use a shared task tracker to organize weekly deliverables and divide responsibilities more evenly. |
| Schanze                            | Overall, I feel like I am either overcomplicating these tasks or oversimplifying it, struggling to find an effective way to tackle them that falls in line of what is expected of us Mitigation \- Review grading rubrics and sample reports to find the right level of detail for each task. |
| Nyla                               | I echo what my teammates are saying of feeling overwhelmed. I’m not sure if I’m doing what I’m supposed to. I understand the end goal of this course but the steps along the way are a little confusing. The actual assignment expectations are what I’m lacking clarity on. Mitigation- Attend office hours or ask the instructor for clearer guidance on assignment steps and expectations. |
| Logan                              | I hope that the AI we are using to build our app can actually execute all the features we need it to have, and I worry that we might need alternative options just in case it doesn’t work the way we intend it to. Mitigation \-   Test the AI tool early and identify at least one alternative platform |
| All (10/2)                         | We are unsure how we want to structure our app/ who we should work on catering it to:  Mitigation \- **:** Conduct customer discovery surveys with both young adults and professionals, then analyze responses to decide which audience to focus on Questions that came up in class:  If it is for young adults only should we implement a cutesy customization feature?  Should we cater to both business professionals AND young adults with social lives? If so how can we customize our app to cater to both target markets  What other features can we incorporate to appeal to our target markets?   Should this be a social AND professional networking app? |
| All (10/10)                        | During our customer discovery and mock interview, we realized there are some questions even our potential customers don’t have the answers to which leaves further questions. |
| Logan (10/10)                      | While I start putting myself in the shoes of our potential customer by using a digital planning app, I need to remind myself not to have too much insider bias, and remain very honest with myself if I plan to use this as a part of our evaluation. |
| Fikunayomi 10/10                   | It was sometimes hard to ask open-ended interview questions without leading participants toward specific answers. Finding the right balance between listening and guiding the conversation was tricky. Mitigation- Learn from the modules of the professor and relate it in the progress of the idea. |
| Nyla , Carly , Fikun (10/17)       | We’re struggling to synchronize product design and marketing strategies due to the constant influx of customer feedback. As new ideas and pain points emerge, priorities shift, making it difficult to maintain a consistent vision for marketing strategy. Mitigation \- Read more from outside sources on product developments and launching , watch videos and take down notes . |
| Logan , Jennifer , Schanze (10/17) | It’s been hard to balance diverse user preferences and feature ideas. While customization and social features appeal to some users, others have valued productivity and communication tools. Without sufficient testing and prioritization, the team risks building features that do not align with the most valuable market segment. Mitigation-  Try to have a meeting with the dingman center to ask for suggestions and advice on how best to move forward. Ask for tips. |
| Fikun  10/26                       | Figuring out how many units in the lovable AI platform we can use before running out per update we make.  Mitigation \-  Based off the price for the subscription, figure out what works best |
| Logan 10/26                        | In building the mvp and app prototype , sending the link to people might not take them directly to the app but require them to sign up first.This acts as. a barrier Mitigation \- Test it out with the team. |
| Carly 10/26                        | Figuring out how to make the app appeal to all generations. Sending this  through different generations, such as college students and perhaps high school kids. Understanding if this is feasible and how we can change our MVP. Mitigation \- Sending out surveys to people or asking them questions to draft an idea and collect feedback. |
| Logan 10/31                        | The amount of credits we bought might not be enough to carry us until the end of our product development and lovable ai is also limited in some ways that might prevent us from being able to achieve our desired final product.  Mitigation- we might be forced to buy more credits in the future and we could also explore some other ai options that could help advance our product more than its current state. |
| LM, OK, JM, NC, CB, SQ 10/31       | The class modules are moving at a faster pace than our group might be ready to move at. This fast pace has caused us to rush through certain areas of product development which is only hurting our progress because we’re trying to keep up with unrealistic class structure.  Mitigation- stop putting so much pressure on class structure and pace and begin focusing more on where we are with our product and take our time to develop certain aspects of our app that need more attention. Thus we will not be submitting the “first sale” assignment due on Nov 1st because we are not ready for that yet. We have already spoken to the Professor about this. |
| OK 10/31                           | I don't think we are done with product development yet. It took us a while to get some of our resources.  Mitigation \- We definitely need some  more time to build the app ,this is our first time doing such , so as we are going forward we are discovering new things. |
| Ok  11/7                           | Now we are trying to work more on our product while the class is moving on to networking and referrals. Would that set us back from the class and how would that affect our overall project idea  Mitigation \- Split the group into two , while some are working on the product , the rest of the group works on network and referrals , so it makes it easier for us to catch up. |
| LM 11/7                            | Sometimes the things we need to do to make our app the way we want it to look/ function is so complicated that it gets confused and starts messing other things up and sets us back because it forces us to use credits on troubleshooting rather than making progress.  Mitigation- try to be as clear as possible but otherwise buying more credits (hoping to not have to). |
| LM 11/14                           | Lovable is having some issues sending friend requests to external emails, and coming up with AI suggestions without having to use IDs to compare interests.  Mitigation- Keep troubleshooting and taking each feature step by step to not overwhelm it. |
| OK  11/21                          | We did not necessarily face any issues this week , just kept working on the lovable ai platform  The next step is to keep tracking our progress as we move on. |
| CB  12/01                          | We did not face any issues this week. We gained strong information about our app from various people throughout the holidays. I feel like we can move onto the next steps of marketing and branching out, rather than designing. |
| OK  12/01                          | The only problem I have is how early all the assignments were given. I was not aware that we had a pitch deck this Thursday and I just feel a bit rushed since it's also finals week. Normally things are due Friday, so it came as a surprise to me (us).  Mitigation  I just need to know how to better manage time so each work has my full amount of dedication. |
| OK,LM,JM, CB,SC,NC 12/02           | We need to find time to work on the pitch deck. With everyone's schedule getting filled up this week , I think it may be a bit hard making sure everyone participates fully in the deck. Mitigation  Making sure that each person has an equal amount / fair share of workload divided. |

**Priorities**

We are working on these priorities:

1. Making and delivering our pitch deck on Thursday 12/12. Making sure we finish the semester off strong.   
2. Keeping our communication open within the team for feedback by completing assignments every Thursday after class.  
3. Staying up to date with our courseload for BMGT 461 and every other class weekly.  
4. Maintaining a good work life balance each day  
5. Understanding and moving forward with the motives for our entrepreneurial idea by the end of week and semester.  
6. Getting good rest and not just “sleep” by making sure we complete all our work early . Also by focusing on our personal health everyday.  
7. Making sure we set time apart to conduct our interviews for customer discovery, and really listen to people’s responses in order to adjust our assumptions so that our business idea is truly aligned with our target customers’ needs.   
8. Based on our micro experiment plan, we need to also set some time apart to recruit the people we need for the experiment, making sure they fit all the criteria so that our results either challenge or prove our assumptions. The experiment will last one week so we need to pick a day to start it and sort out all the other logistics of the experiment so that it goes smoothly.   
9. Research more about our target customers and if we should target different groups of customers (other than young adults), for example professionals and what that would mean for the functionalities of the app.   
10. Focus on asking open-ended questions to our target customers to avoid leading to answers we might want to hear but ultimately will not benefit us or our product in the end.   
11. We need to make sure that when we start developing the app that the interface is clean and easy to use. The app needs to be simple to navigate and acclimated to. Our goal is to add value to our customers by eliminating the hassle and stress of coordinating plans so the interface of the app should reflect that.   
12. We need to pinpoint every pain point from our interviews and translate that into functions of the app. We want to focus first on the main functionality of the app, this would mainly include adding and editing events easily, sharing availability with others, viewing others’ schedules or syncing calendars and sending notifications or reminders. From these then we can figure out what else needs to be added/ changed.   
13. Identify marketing strategies and how we will make our app profitable.   
14. Differentiating our app from partiful  
15. Possibly using another AI platform to build our app.  
16. Getting funds to pay for lovable subscription   
17. Get as many people from our target market to sign up for our demo and then collect their feedback to implement  
18. Bring up any concerns we are facing to the professor as soon as possible and make sure we are fully communicating everything to stay on track with everything.   
19. Try getting funding in some way from UMD.  
20. Use our credits in a meaningful way and dive deeper into our what our product needs to make it easy-to-use and convenient   
21. Make sure we cover all possibilities for design, use, and accessibility. Since we're getting to a point where more things are possible with our credits, we need to use them wisely as we get closer to the end. We need to be taking every piece of customer feedback (mentioned above) into consideration as we shape our app into something that young adults will actually use   
22. Figure out how to navigate each module efficiently without feeling rushed to move on to the next thing. Allocating enough time to each of our tasks and our plans.   
23. Create a social media account for Friendly (our app).   
24. Post on a social media platform advertising our app for people to use.   
25. Still customization of our app.   
26. As discussed in class, really trying to connect our plans/ priorities to what we are actually doing to move forward and make progress with our app.   
27. Work on our communication as a group so we can all be on the same page with what we should be doing each week.   
28. Working on BETA testing in order to get our product to launch and first sale.   
29. Work past the technical problems   
30. As the end of the semester approaches we want to make sure we still are completing everything thoroughly, and not lack effort in our deliverables.  
31. Getting more established customers and getting to other aspects of marketing and promotion for our app. ",6859,"**Problems**

We are aware of these problems:

| Owner (Due Date)                   | What                                                         |
| :--------------------------------- | :----------------------------------------------------------- |
| Carly                              | Struggling to become aware of the clear issues our project is facing  Mitigation \- Hold a short team meeting to clarify project priorities and review feedback to better identify key issues |
| Fikun                              | Underestimated how specific and in depth  we have to be regarding our idea, how and what it satisfies. Mitigation-Refine the project’s value proposition by clearly defining what problem the app solves and for whom |
| Jennifer                           | Very overwhelmed with some of the assignments, everything is not super clear.  Mitigation \- Use a shared task tracker to organize weekly deliverables and divide responsibilities more evenly. |
| Schanze                            | Overall, I feel like I am either overcomplicating these tasks or oversimplifying it, struggling to find an effective way to tackle them that falls in line of what is expected of us Mitigation \- Review grading rubrics and sample reports to find the right level of detail for each task. |
| Nyla                               | I echo what my teammates are saying of feeling overwhelmed. I’m not sure if I’m doing what I’m supposed to. I understand the end goal of this course but the steps along the way are a little confusing. The actual assignment expectations are what I’m lacking clarity on. Mitigation- Attend office hours or ask the instructor for clearer guidance on assignment steps and expectations. |
| Logan                              | I hope that the AI we are using to build our app can actually execute all the features we need it to have, and I worry that we might need alternative options just in case it doesn’t work the way we intend it to. Mitigation \-   Test the AI tool early and identify at least one alternative platform |
| All (10/2)                         | We are unsure how we want to structure our app/ who we should work on catering it to:  Mitigation \- **:** Conduct customer discovery surveys with both young adults and professionals, then analyze responses to decide which audience to focus on Questions that came up in class:  If it is for young adults only should we implement a cutesy customization feature?  Should we cater to both business professionals AND young adults with social lives? If so how can we customize our app to cater to both target markets  What other features can we incorporate to appeal to our target markets?   Should this be a social AND professional networking app? |
| All (10/10)                        | During our customer discovery and mock interview, we realized there are some questions even our potential customers don’t have the answers to which leaves further questions. |
| Logan (10/10)                      | While I start putting myself in the shoes of our potential customer by using a digital planning app, I need to remind myself not to have too much insider bias, and remain very honest with myself if I plan to use this as a part of our evaluation. |
| Fikunayomi 10/10                   | It was sometimes hard to ask open-ended interview questions without leading participants toward specific answers. Finding the right balance between listening and guiding the conversation was tricky. Mitigation- Learn from the modules of the professor and relate it in the progress of the idea. |
| Nyla , Carly , Fikun (10/17)       | We’re struggling to synchronize product design and marketing strategies due to the constant influx of customer feedback. As new ideas and pain points emerge, priorities shift, making it difficult to maintain a consistent vision for marketing strategy. Mitigation \- Read more from outside sources on product developments and launching , watch videos and take down notes . |
| Logan , Jennifer , Schanze (10/17) | It’s been hard to balance diverse user preferences and feature ideas. While customization and social features appeal to some users, others have valued productivity and communication tools. Without sufficient testing and prioritization, the team risks building features that do not align with the most valuable market segment. Mitigation-  Try to have a meeting with the dingman center to ask for suggestions and advice on how best to move forward. Ask for tips. |
| Fikun  10/26                       | Figuring out how many units in the lovable AI platform we can use before running out per update we make.  Mitigation \-  Based off the price for the subscription, figure out what works best |
| Logan 10/26                        | In building the mvp and app prototype , sending the link to people might not take them directly to the app but require them to sign up first.This acts as. a barrier Mitigation \- Test it out with the team. |
| Carly 10/26                        | Figuring out how to make the app appeal to all generations. Sending this  through different generations, such as college students and perhaps high school kids. Understanding if this is feasible and how we can change our MVP. Mitigation \- Sending out surveys to people or asking them questions to draft an idea and collect feedback. |
| Logan 10/31                        | The amount of credits we bought might not be enough to carry us until the end of our product development and lovable ai is also limited in some ways that might prevent us from being able to achieve our desired final product.  Mitigation- we might be forced to buy more credits in the future and we could also explore some other ai options that could help advance our product more than its current state. |
| LM, OK, JM, NC, CB, SQ 10/31       | The class modules are moving at a faster pace than our group might be ready to move at. This fast pace has caused us to rush through certain areas of product development which is only hurting our progress because we’re trying to keep up with unrealistic class structure.  Mitigation- stop putting so much pressure on class structure and pace and begin focusing more on where we are with our product and take our time to develop certain aspects of our app that need more attention. Thus we will not be submitting the “first sale” assignment due on Nov 1st because we are not ready for that yet. We have already spoken to the Professor about this. |
| OK 10/31                           | I don't think we are done with product development yet. It took us a while to get some of our resources.  Mitigation \- We definitely need some  more time to build the app ,this is our first time doing such , so as we are going forward we are discovering new things. |
| Ok  11/7                           | Now we are trying to work more on our product while the class is moving on to networking and referrals. Would that set us back from the class and how would that affect our overall project idea  Mitigation \- Split the group into two , while some are working on the product , the rest of the group works on network and referrals , so it makes it easier for us to catch up. |
| LM 11/7                            | Sometimes the things we need to do to make our app the way we want it to look/ function is so complicated that it gets confused and starts messing other things up and sets us back because it forces us to use credits on troubleshooting rather than making progress.  Mitigation- try to be as clear as possible but otherwise buying more credits (hoping to not have to). |
| LM 11/14                           | Lovable is having some issues sending friend requests to external emails, and coming up with AI suggestions without having to use IDs to compare interests.  Mitigation- Keep troubleshooting and taking each feature step by step to not overwhelm it. |
| OK  11/21                          | We did not necessarily face any issues this week , just kept working on the lovable ai platform  The next step is to keep tracking our progress as we move on. |
| CB  12/01                          | We did not face any issues this week. We gained strong information about our app from various people throughout the holidays. I feel like we can move onto the next steps of marketing and branching out, rather than designing. |
| OK  12/01                          | The only problem I have is how early all the assignments were given. I was not aware that we had a pitch deck this Thursday and I just feel a bit rushed since it's also finals week. Normally things are due Friday, so it came as a surprise to me (us).  Mitigation  I just need to know how to better manage time so each work has my full amount of dedication. |
| OK,LM,JM, CB,SC,NC 12/02           | We need to find time to work on the pitch deck. With everyone's schedule getting filled up this week , I think it may be a bit hard making sure everyone participates fully in the deck. Mitigation  Making sure that each person has an equal amount / fair share of workload divided. |

",43.0,48.0,51.0,27.0,14.0,64.0
Arloe,Team Arloe,Arloe - Campus clothing marketplace,"**To:**		Dr. Sheetal Singh  
**From:**		Arloe: Keily Lopez, Nathan Chandran, Neissa Merizier, Mallory 				Chapman (Mal), Betsy Keenan  
**Subject:**		Team Management Report  
**Copies:**		Instructor Team

## **Key indicators**

(PES shows how precisely Plans were executed.)

|          End of Week          |  Week 4   |   Week 5    | Week 6  |  Week 7   |  Week 8   |  Week 9  |  Week 10   | Week 11 |  Week 12   | Week 13 | Week 14 |   Total    |
| :---------------------------: | :-------: | :---------: | :-----: | :-------: | :-------: | :------: | :--------: | :-----: | :--------: | :-----: | :-----: | :--------: |
| **Precision Execution Score** | 1/1= 100% | 11/12=91.6% | 9/9= 1% | 2/2= 100% | 3/3= 100% | 9/12 75% | 6/7= 85.7% | 0/3= 0% | 3/7= 42.9% | ½= 50%  | 0/1= 0% | 45/59= 76% |

Summary Flow: Priorities → Plans → Problems → Progress → PES

## **Tasks**

(Weeks are organized based on the date they end or when the MR is due, and the start date determines where the task goes, or the milestone date if there is no start date.) Greyed out spaces are where we did not have specific dates recorded, or we did not end up completing/dropped the task.

|                           BMGT461                            |            Owner            |   Start   |   Milestone    |                           Complete                           |
| :----------------------------------------------------------: | :-------------------------: | :-------: | :------------: | :----------------------------------------------------------: |
|                  Week 4 (Up until 9/26/25)                   |                             |           |                |                                                              |
|                    Visit Smith’s Boutique                    |             All             |           |      9/30      |                             9/30                             |
|                  Week 5 (Up until 10/03/25)                  |                             |           |                |                                                              |
| Create a survey to ask students at VMH how likely they are to use our services |       Keily & Neissa        |   10/2    |      10/9      |                             10/9                             |
| Research similar businesses in the area that offer the same services |        Betsy & Keily        |   9/30    |      9/30      |                            10/02                             |
| ~~Figure out inventory sourcing; connect with other successful brands to partner up~~ | ~~Nathan, Mallory & Keily~~ |           |                | ~~N/A (pivoted business idea; will be going from buyer to seller. We are just a platform, not a median).~~ |
| Consider Marketing avenues: Create social media pages to promote the website \+ Brainstorm marketing incentives to get college kids on the app |           Neissa            |   10/2    |      10/3      |                           Complete                           |
| Create a website to house all the business information to be easily accessed |           Nathan            |           |                |                            10/31                             |
| Look into similar businesses' profit models/or financials if public |            Betsy            |   10/2    |      10/1      |                             10/2                             |
| Ask students' willingness to pay for rental services, give a scale \- Interviews/survey |             All             |   10/2    |     10/10      |                             10/9                             |
|                Research other brands and apps                |      Mallory & Nathan       |   9/30    |      10/3      |                             10/9                             |
|                  Create a mission statement                  |        Keily \+ All         |   10/2    |                |                            10/28                             |
|    Take feedback from mock interviews (in class Tuesday)     |       Mallory & Keily       |   10/2    |     10/08      |                            10/08                             |
|              Complete customer experience model              |             All             |   9/28    |      10/2      |                             10/3                             |
| From the research, figure out who the first customers may be |             All             |   10/2    |      10/7      |                   Working on reaching out                    |
| Research Unidays to figure out how we can authenticate UMD students on our platform |             All             |           |                |  Complete (students must sign up using their school email)   |
|                  Week 6 (Up until 10/10/25)                  |                             |           |                |                                                              |
|           Complete Customer Discovery assignments            |             All             |   10/10   |     10/10      |                            10/10                             |
|                 Interview x unique students                  |             All             |   10/10   |     10/10      |                             10/9                             |
|  Look into the Pitch Dingman requirements and the Checklist  |             All             |   10/9    |     10/10      |                            10/10                             |
|          Work on a timeline for website development          |           Nathan            |   10/10   |     10/28      |                            10/28                             |
| Brainstorm ideas for future forms of revenue and marketing strategies/differentiation |             All             |   10/10   |     10/28      |                           Complete                           |
| Pick a name and design for our website, as well as get a domain name |             All             |   10/10   |                |                            10/23                             |
|    Took notes and filled out interview summary templates     |             All             |   10/9    |      10/9      |                            10/10                             |
|               Asked the interviewees questions               |       Betsy & Nathan        |   10/10   |     10/10      |                            10/10                             |
| In-person meeting outside of class for productivity  and discussion |             All             |   10/10   |     10/21      |                            10/21                             |
| ~~Research into how to add UID authentication to our website~~ |         ~~Nathan~~          | ~~10/10~~ |                | ~~N/A (will be using UMD terpmail instead for easier accessibility)~~ |
|           ~~Apply for Pitch Dignam  competition~~            |           ~~All~~           | ~~10/10~~ |   ~~10/31~~    |                 ~~N/A (not participating)~~                  |
|                  Week 7 (Up until 10/17/25)                  |                             |           |                |                                                              |
|           Mock-up Website for Product Development            |           Nathan            |           |     10/16      |                            10/16                             |
|           Worked on laying out Product Development           |             All             |           |     10/17      |                            10/17                             |
|                  Week 8 (Up until 10/24/25)                  |                             |           |                |                                                              |
|                   Meet with the professor                    |             All             |           | 10/20 or 10/21 |                            10/21                             |
|                      Business proposal                       |        Nathan \+ All        |           |     10/23      |                            10/23                             |
|                        Email creation                        |        Mal & Neissa         |           |     10/23      |                            10/23                             |
|                  Week 9 (Up until 10/31/25)                  |                             |           |                |                                                              |
|          TAM SAM SOM analysis (for money purposes)           |       Betsy & Nathan        |           |     10/30      |                             Done                             |
|          SWOT Analysis (tying everything together)           |            Keily            |           |     10/30      |                            10/28                             |
|               Revenue Business Model Ideation                |             All             |           |     10/30      |                            Noted                             |
|  Create flyers with a QR code linking to an interest survey  |      Mallory & Nathan       |           |     10/28      |                            11/13                             |
| Reach out to potential Partners (on-campus clothing brands/clubs/orgs) |       Neissa & Keily        |           |     10/28      |                     Waiting on Response                      |
|                  Create Arloe contact info                   |           Neissa            |           |     10/30      |                           Complete                           |
|                       Begin pitch deck                       |            Betsy            |           |     10/30      |                             Done                             |
|                       Economic checks                        |            Betsy            |           |     10/30      |                             Done                             |
|                         Working  MVP                         |        Keily \+ All         |           |     10/30      |                           Complete                           |
|                          One-Pager                           |            Keily            |   10/28   |     10/28      |                            10/28                             |
|                        Create a logo                         |             All             |   10/30   |      11/6      |                           Complete                           |
|                Create a video for advertising                |             All             |   10/31   |     10/31      |                            10/31                             |
|                 Week 10 (Up until 11/07/25)                  |                             |           |                |                                                              |
|                 Create an Instagram account                  |           Neissa            |   11/6    |      11/6      |                             11/4                             |
|                   Create a TikTok account                    |             Mal             |   11/4    |      11/4      |                             11/4                             |
|                       Edit commercial                        |             Mal             |   11/2    |                |                             11/6                             |
|                    Upload video to TikTok                    |             Mal             |   11/4    |                |                            11/14                             |
|                                                              |                             |           |                |                                                              |
|               Arloe Legal Issues Presentation                |        Betsy \+ All         |   11/7    |      11/7      |                             11/7                             |
|                     Supplemental Report                      |        Keily \+ All         |   11/7    |      11/7      |                             11/7                             |
|                 Week 11 (Up until 11/14/25)                  |                             |           |                |                                                              |
| Talk to people we know that live on campus and see if they have clothes to sell/would be interested in our platform |             All             |   11/13   |                |                           Pending                            |
|      Complete a spreadsheet, keeping track of partners       |             All             |   11/13   |                |                           Pending                            |
|                     First Sale Prototype                     |             All             |   11/13   |     11/13      |                           Pending                            |
|                 Week 12 (Up until 11/21/25)                  |                             |           |                |                                                              |
|      Meet with 3 connections within a week (⅔ reached)       |             All             |   11/21   |                |                           Pending                            |
| Send a follow-up email to each connection (they did not answer, no interest for now) |       Keily & Neissa        |   11/21   |                |                           Complete                           |
|                     Prepare final pitch                      |             All             |   11/20   |                |                             Done                             |
|                Create a module for this week                 |        Mal & Neissa         |   11/20   |                |                            11/21                             |
|           Format and organize the entire MR report           |             Mal             |   11/21   |                |                            11/21                             |
|                 Put up Flyers across campus                  |             All             |    TBD    |                |                           Pending                            |
|    Create more videos on TikTok– Focus on trending videos    |             All             |    TBD    |                |                           Pending                            |
|                            Launch                            |             All             |    TBD    |                |                           Pending                            |
|        Get  more students to sign up for our platform        |        Neissa, Keily        |   11/24   |                |                           Pending                            |
|                  Week 13 (Up until 11/?/25)                  |                             |           |                |                                                              |
|                          First Sale                          |            Betsy            |           |                |                           Complete                           |
|                    Finalizing pitch deck                     |             All             |   12/2    |                |                           Pending                            |
|                 Week 14 (Up until 12/05/25)                  |                             |           |                |                                                              |
|   Finish designing and complete pitch deck after feedback    |             All             |   12/2    |                |                           Pending                            |

## **Progress**

(Record anything you've done here, then update the project table above.

During this reporting period, we accomplished these tasks: 

| Who                 | What                                                         |
| :------------------ | :----------------------------------------------------------- |
| All                 | Completed the theory of value deliverable worksheet          |
| All                 | Completed reflections for the week                           |
| All                 | Brainstormed new business model: (Pros/Cons) of Renting Business workwear \+ event outfits on campus → Renting Marketplace platform to avoid extra costs (ex, inventory) \+ On-campus clothing Partnerships |
| All                 | Discussed what our problem was and the customer's needs      |
| All                 | Vetted out final idea: Renting Marketplace platform to avoid extra costs (ex, inventory) \+ On-campus clothing Partnerships |
| Betsy (10/2)        | Completed customer discovery model (quiz was locked, so I will take it when it opens) |
| All                 | Added new milestones to complete in a separate document      |
| All                 | Designed a new survey/interview for potential customers      |
| Keily               | Created Survey and Interview Questions                       |
| Betsy (10/1)        | Formulated Interview Questions                               |
| Betsy (9/30)        | Researched the “Raid” app and the company website            |
| Mallory             | Further looked into investors                                |
| Nathan (9/29)       | Researched potential business websites {Wix, GSites}         |
| Nathan (9/30)       | Mapped out the company business to expand on the final idea  |
| All                 | Discussed the problem and value during class and revised     |
| All                 | Created an action plan for our business idea                 |
| All                 | Revised business model to understand major revenue sources   |
| All (9/30)          | Visited Smith Boutique and asked about their business model  |
| All (10/3)          | Finished and submitted the experimentation and learning assignment |
| All (10/3)          | Discussed ideas for expanding our customer base on the website |
| All (10/9)          | Conducted interviews in STAMP (divided tasks above)          |
| All (10/10)         | Weekly meeting: Discussed plans for the week after the break and worked on interviewee summaries and the MR report |
| All (10/17)         | Worked on finalizing most of the product development: Customer needs, coordinating the product, and features |
| Nathan (10/16)      | Created a mock-up website of the business model              |
| All (10/23)         | Finalized business idea name and business idea (purpose+goal)   → Clothing Marketplace platform where people can buy and sell \+ On-campus clothing brands will be featured on our platform |
| Betsy (11/7)        | Completed reviewing potential legal issues \+ presentation   |
| Mal (11/4)          | Created a TikTok Account                                     |
| Mal (11/4)          | Created an “Arloe” Gmail account                             |
| Mal (11/6)          | Finished re-editing commercial                               |
| Keily (11/7)        | Legal issues presentation → Supplemental Report document     |
| Keily (11/7)        | Continuing to reach out to UMD clothing brands/thrifts/vintage shops(waiting for a response) |
| Neissa (11/4)       | Created Arloe’s contact info                                 |
| Neissa (11/12)      | Reached out to “THRIFTED”: A campus club that hosts thrift pop-up events |
| All (11/13)         | Began the partner meeting spreadsheet                        |
| Mal (11/14)         | Posted the first video to TikTok (the final version of our commercial) |
| Betsy, Mal, & Keily | Presented our legal presentation and made edits to it based on some of the feedback |
| Betsy               | Made first sale over the break                               |

## **Plans**

(Plans become Progress once completed.

During the next week, we plan to finish these tasks:

| Who            | What                                                         |
| :------------- | :----------------------------------------------------------- |
| Mallory        | Reach out to a potential investor about funding our business idea |
| All            | Use the information we received from surveyors to tweak our business idea |
| All            | Use the information collected at the Smith Boutique to offer services/products that they do not have, so that we can gain a competitive advantage over them |
| Neissa         | Use social media pages to conduct a survey to reach a broader target in the area |
| Nathan & Keily | Research into logistical plans to fulfill on-demand service  |
| Nathan         | Case study: Previous companies that have failed              |
| All            | Visit Smith Boutique and understand their business model     |
| Betsy & Keily  | Research potential competitors such as “Rent the Runway”: specifically look at their financial statements, look at their revenues, and the market as a whole |
| All            | Use some class time to ask people about their willingness to pay for subscription clothing rental services in the hallway in Smith or other buildings |
| All            | Survey at least 10 people in Stamp \+ record feedback        |
| All            | Experimentation and learning questions                       |
| All            | Meet outside class to go over business names and logos, up-to-date market research, and move forward with other pending plans, like the website development timeline |
| Nathan         | Outline for Pitch Dingman and website development timeline   |
| All            | Gather and input research/information for Pitch Dingman      |
| All            | Continue to formalize business model/product development     |
| Keily & Nathan | Begin outlining “TAM SAM SOM”, SWOT analysis, and revenue business model ideation (others will input too) |
| Nathan \+ All  | Build business proposal (finalizing)                         |
| Nathan         | Finalizing website                                           |
| Neissa & Keily | Reaching out to potential partners to join our platform      |
| Mallory        | Work on building a flyer                                     |
| Nathan         | Work on creating a QR code linking to the survey interest form |
| Betsy          | Work on building a pitch deck                                |
| Betsy          | Economic checks on a business proposal                       |
| Keily & Neissa | Work on making an Instagram                                  |
| All            | Work on First Sale Prototype                                 |
| All            | Put up flyers across campus                                  |
| All            | First Sale Prototype post on Instagram & TikTok              |
| All            | Finding potential users by talking to peers on campus        |
| All            | Figure out first sale                                        |
| All            | Work on finalizing the pitch deck and preparing for investor |

## **Problems**

(Problems explain what delayed plans: convert to If → Then → Impact → Mitigation with Owner \+ Due.)

We are aware of these problems:

| Owner           | What                                                         |
| :-------------- | :----------------------------------------------------------- |
| Mallory         | We still need to ask people their opinions on our idea, as well as collect any other information that may be useful to our market research |
| Nathan          | People don’t always fill out surveys, so making sure we collect adequate data on our customers face-to-face is important |
| Keily           | Set a clear idea to present to funders                       |
| Betsy           | We may need to ask a different mix of questions when surveying different people, since asking the same questions may not provide enough substantial data |
| Neissa & Keily  | Creating a one-pager for our venture, including a go-to-market strategy |
| Neissa          | Creating a barrier for only premium brands and quality clothing |
| All             | Meeting after class on Tuesday, after the break              |
| All             | Coming up with an official name and logo (finalized name)    |
| All             | Analysis of market research and interviews: consolidating and revising findings |
| All             | Completing SWOT analysis by Friday next week, with everyone’s schedules being different and limited availability due to Midterms |
| All             | Getting partnerships to join our platform and users to post on our platform |
| All             | We are still working on areas of the MVP, so we will need extra time to submit it |
| All             | Gather feedback for the MVP, review feedback, and launch     |
| All             | Finalizing our logo                                          |
| All             | We still need to make a first sale, and are currently finding people so we can show interest and validate our idea |
| All             | Need to find other ways to receive funds to expand the website |
| Mallory & Betsy | We will both be out of town on Thursday, December 4th, so we will need to work on our pitch deck and get feedback from the professor on Tuesday, the 2nd |
| Betsy           | Will still be busy this Thursday, but luckily we will be presenting next Tuesday |

## **Priorities**

We are working on these priorities:

1. Customer needs   
2. Get other clothing thrifts or pop-ups to join our platform (reaching out, but only 1 interested so far)   
3. Present the idea to a potential investor, and formalize a document/presentation to present   
4. Begin thinking about marketing strategies (IN PROGRESS)   
5. Weekly team meetings on Fridays outside of class to complete class assignments   
6. Meeting in person once a week after class on Tuesdays when required, so we are up to date and discussing any unfinished business   
7. Finalize Logo to share on social media and add on flyers (DONE)  
8. Finalizing Website \+ Flyers with QR code (DONE)  
9. Exposing Arloe to reach our target audience via social media/flyers/pop-ups  
10. Gaining clarity on how to begin addressing the potential legal issues our business might encounter   
11. Finalize our pitch

## **Attachments**

PES (Planned Execution Score)  
PES \= tasks completed on time/tasks planned for that week \- each column occupies each week's PES

Example: 

| Task Planned    | 6          | 18           |
| :-------------- | :--------- | :----------- |
| Tasks Completed | 5          | 15           |
| PES             | 5/6 \= 83% | 15/18 \= 83% |

Key Tip  
If a task isn’t done yet, mark it as:  
Submitted: Pending – \[Expected Date\]  
This helps us calculate your PES correctly and show accountability for next week’s work.

## **Information**

Website:   
[https://mp5kjh-my-site-8t818b0e-nathanchandran32.wix-vibe.com/](https://mp5kjh-my-site-8t818b0e-nathanchandran32.wix-vibe.com/)  
[https://my-site-bfsrlbdy-nathanchandran32.wix-vibe.com/](https://my-site-bfsrlbdy-nathanchandran32.wix-vibe.com/)

Interest Form: Sign up if you’re interested in buying or selling clothes\!   
[docs.google.com/forms/d/e/1FAIpQLSd5fS3EYVi7RxIw1p1F1Ov4goSLLevi0h-UmuERAhKA-K\_nqw/viewform](https://l.instagram.com/?u=https%3A%2F%2Fdocs.google.com%2Fforms%2Fd%2Fe%2F1FAIpQLSd5fS3EYVi7RxIw1p1F1Ov4goSLLevi0h-UmuERAhKA-K_nqw%2Fviewform%3Ffbclid%3DPAZXh0bgNhZW0CMTEAc3J0YwZhcHBfaWQMMjU2MjgxMDQwNTU4AAGn10Njg1QUl71HQKGSwO26Gjk6t1Zwu5XKNw--DjcT3Xu-tk6QuDRu5-ExZA8_aem_iPSJyZ29IO6tAxvEIZYuFQ&e=AT0D_gLkM-Ls3ohQ_qj3QsgH-MKwQzTY_a4tXAxPjXGrjLvsOlzmY4qyBZ_hSC6rr-q7eGV9CHSCRC0ptmM8om5ZCIeDM1EF9L_AWAPMBrJ8gDvYeVaLsAZA3w)

Socials: Follow us\!   
Instagram: @shopwitharloe  
Tik-Tok: @shopwitharloe   
G-mail: shopwitharloe@gmail.com

Members:  
Keily Lopez  
Nathan Chandran  
Neissa Merizier  
Mallory Chapman  
Betsy Keenan",3128,"**Problems**

(Problems explain what delayed plans: convert to If → Then → Impact → Mitigation with Owner \+ Due.)

We are aware of these problems:

| Owner           | What                                                         |
| :-------------- | :----------------------------------------------------------- |
| Mallory         | We still need to ask people their opinions on our idea, as well as collect any other information that may be useful to our market research |
| Nathan          | People don’t always fill out surveys, so making sure we collect adequate data on our customers face-to-face is important |
| Keily           | Set a clear idea to present to funders                       |
| Betsy           | We may need to ask a different mix of questions when surveying different people, since asking the same questions may not provide enough substantial data |
| Neissa & Keily  | Creating a one-pager for our venture, including a go-to-market strategy |
| Neissa          | Creating a barrier for only premium brands and quality clothing |
| All             | Meeting after class on Tuesday, after the break              |
| All             | Coming up with an official name and logo (finalized name)    |
| All             | Analysis of market research and interviews: consolidating and revising findings |
| All             | Completing SWOT analysis by Friday next week, with everyone’s schedules being different and limited availability due to Midterms |
| All             | Getting partnerships to join our platform and users to post on our platform |
| All             | We are still working on areas of the MVP, so we will need extra time to submit it |
| All             | Gather feedback for the MVP, review feedback, and launch     |
| All             | Finalizing our logo                                          |
| All             | We still need to make a first sale, and are currently finding people so we can show interest and validate our idea |
| All             | Need to find other ways to receive funds to expand the website |
| Mallory & Betsy | We will both be out of town on Thursday, December 4th, so we will need to work on our pitch deck and get feedback from the professor on Tuesday, the 2nd |
| Betsy           | Will still be busy this Thursday, but luckily we will be presenting next Tuesday |

## ",18.0,54.0,78.0,30.0,5.0,62.0
